transaction_id,transaction_amount,policy_code,other_feature,is_fraud
txn_00001,109.93,1,2.211,0
txn_00002,97.23,1,3.205,0
txn_00003,112.95,1,5.399,0
txn_00004,130.46,1,0.041,0
txn_00005,95.32,2,0.334,0
txn_00006,95.32,2,4.346,0
txn_00007,131.58,1,1.227,0
txn_00008,115.35,3,1.663,0
txn_00009,90.61,1,2.176,0
txn_00010,110.85,1,2.273,0
txn_00011,90.73,1,5.369,0
txn_00012,90.69,1,11.585,0
txn_00013,104.84,1,2.547,0
txn_00014,61.73,1,0.677,0
txn_00015,65.5,1,4.236,0
txn_00016,88.75,1,0.101,0
txn_00017,79.74,1,0.526,0
txn_00018,106.28,1,4.554,0
txn_00019,81.84,1,0.592,0
txn_00020,71.75,1,0.499,0
txn_00021,129.31,2,0.297,0
txn_00022,95.48,2,3.92,0
txn_00023,101.35,1,1.387,0
txn_00024,71.51,2,2.247,0
txn_00025,89.11,1,0.546,0
txn_00026,102.22,1,2.838,0
txn_00027,76.98,1,2.854,0
txn_00028,107.51,1,0.75,0
txn_00029,87.99,3,1.058,0
txn_00030,94.17,1,0.471,0
txn_00031,87.97,1,7.507,0
txn_00032,137.05,1,2.075,0
txn_00033,99.73,1,5.453,0
txn_00034,78.85,2,0.723,0
txn_00035,116.45,1,3.046,0
txn_00036,75.58,1,2.904,0
txn_00037,104.18,1,2.353,0
txn_00038,60.81,1,6.742,0
txn_00039,73.44,1,1.0,0
txn_00040,103.94,1,0.28,0
txn_00041,114.77,1,2.228,0
txn_00042,103.43,1,2.614,0
txn_00043,97.69,2,1.712,0
txn_00044,93.98,2,0.463,0
txn_00045,70.43,1,1.404,0
txn_00046,85.6,1,0.748,0
txn_00047,90.79,1,1.115,0
txn_00048,121.14,1,2.073,0
txn_00049,106.87,1,2.735,0
txn_00050,64.74,1,0.529,0
txn_00051,106.48,1,1.039,0
txn_00052,92.3,1,0.627,0
txn_00053,86.46,1,0.443,0
txn_00054,112.23,1,3.059,0
txn_00055,120.62,1,4.799,0
txn_00056,118.63,1,0.925,0
txn_00057,83.22,1,2.783,0
txn_00058,93.82,1,4.546,0
txn_00059,106.63,1,3.743,0
txn_00060,119.51,1,0.404,0
txn_00061,90.42,1,6.26,0
txn_00062,96.29,1,0.945,0
txn_00063,77.87,2,0.829,0
txn_00064,76.08,1,0.129,0
txn_00065,116.25,1,1.332,0
txn_00066,127.12,1,0.231,0
txn_00067,98.56,1,0.571,0
txn_00068,120.07,1,0.762,0
txn_00069,107.23,1,3.309,0
txn_00070,87.1,1,4.167,0
txn_00071,107.23,2,0.72,0
txn_00072,130.76,1,3.914,0
txn_00073,99.28,1,3.893,0
txn_00074,131.29,2,2.893,0
txn_00075,47.61,1,0.317,0
txn_00076,116.44,2,2.344,0
txn_00077,101.74,1,5.802,0
txn_00078,94.02,3,2.295,0
txn_00079,101.84,1,0.806,0
txn_00080,60.25,1,1.389,0
txn_00081,95.61,1,2.075,0
txn_00082,107.14,1,1.429,0
txn_00083,129.56,1,0.256,0
txn_00084,89.63,1,0.748,0
txn_00085,83.83,1,3.243,0
txn_00086,89.96,1,3.953,0
txn_00087,118.31,1,0.295,0
txn_00088,106.58,1,6.089,0
txn_00089,89.4,3,0.797,0
txn_00090,110.27,1,2.171,0
txn_00091,101.94,3,2.787,0
txn_00092,119.37,1,3.342,0
txn_00093,85.96,1,5.828,0
txn_00094,93.45,1,0.751,0
txn_00095,92.16,1,3.911,0
txn_00096,70.73,1,0.282,0
txn_00097,105.92,1,2.442,0
txn_00098,105.22,1,2.709,0
txn_00099,100.1,3,2.265,0
txn_00100,95.31,1,0.582,0
txn_00101,71.69,1,4.128,0
txn_00102,91.59,1,0.37,0
txn_00103,93.15,1,0.11,0
txn_00104,83.95,1,2.528,0
txn_00105,96.77,1,1.291,0
txn_00106,108.08,1,3.782,0
txn_00107,137.72,1,0.967,0
txn_00108,103.49,1,0.369,0
txn_00109,105.15,2,3.621,0
txn_00110,98.51,2,1.592,0
txn_00111,61.62,1,0.419,0
txn_00112,99.47,1,2.549,0
txn_00113,101.2,1,1.431,0
txn_00114,149.26,2,1.854,0
txn_00115,96.15,1,1.236,0
txn_00116,106.03,1,3.529,0
txn_00117,99.31,1,3.539,0
txn_00118,76.63,1,2.472,0
txn_00119,122.86,1,0.223,0
txn_00120,115.04,1,3.651,0
txn_00121,115.82,1,2.223,0
txn_00122,81.81,1,2.388,0
txn_00123,128.06,1,0.902,0
txn_00124,71.96,1,4.229,0
txn_00125,111.74,1,2.585,0
txn_00126,143.81,1,0.239,0
txn_00127,80.19,2,1.048,0
txn_00128,88.67,1,4.35,0
txn_00129,101.99,1,0.097,0
txn_00130,89.93,1,6.51,0
txn_00131,68.99,1,2.274,0
txn_00132,101.37,1,1.996,0
txn_00133,78.75,1,0.631,0
txn_00134,109.47,2,0.572,0
txn_00135,81.61,1,5.697,0
txn_00136,131.0,1,0.708,0
txn_00137,84.33,1,2.988,0
txn_00138,93.56,1,0.999,0
txn_00139,116.27,1,0.3,0
txn_00140,75.38,1,0.022,0
txn_00141,104.55,1,1.572,0
txn_00142,126.14,1,7.441,0
txn_00143,67.85,1,0.921,0
txn_00144,103.69,1,0.884,0
txn_00145,105.2,1,0.843,0
txn_00146,115.64,1,1.47,0
txn_00147,75.26,3,1.162,0
txn_00148,73.59,1,4.239,0
txn_00149,110.44,1,1.409,0
txn_00150,105.94,1,1.418,0
txn_00151,105.01,1,0.298,0
txn_00152,106.93,1,8.119,0
txn_00153,86.4,1,0.575,0
txn_00154,104.65,3,0.152,0
txn_00155,105.86,1,2.176,0
txn_00156,85.71,1,1.81,0
txn_00157,137.32,1,1.073,0
txn_00158,109.48,2,1.097,0
txn_00159,76.17,1,3.075,0
txn_00160,113.13,1,0.436,0
txn_00161,80.51,1,3.432,0
txn_00162,115.74,1,2.092,0
txn_00163,123.17,1,1.086,0
txn_00164,83.59,1,1.225,0
txn_00165,119.27,1,0.593,0
txn_00166,108.26,1,2.79,0
txn_00167,116.44,1,1.438,0
txn_00168,137.94,1,0.774,0
txn_00169,95.09,1,1.813,0
txn_00170,84.93,3,10.914,0
txn_00171,82.21,2,1.143,0
txn_00172,83.68,1,5.069,0
txn_00173,98.46,2,0.846,0
txn_00174,106.82,1,0.113,0
txn_00175,105.53,1,0.457,0
txn_00176,116.54,1,1.085,0
txn_00177,100.26,1,0.496,0
txn_00178,129.07,1,0.0,0
txn_00179,94.71,1,4.93,0
txn_00180,154.4,1,3.714,0
txn_00181,112.51,1,2.712,0
txn_00182,82.86,1,0.367,0
txn_00183,78.58,1,0.256,0
txn_00184,109.65,1,0.14,0
txn_00185,95.53,1,2.575,0
txn_00186,114.28,3,5.285,0
txn_00187,109.46,2,1.126,0
txn_00188,98.54,1,0.254,0
txn_00189,83.06,3,1.436,0
txn_00190,69.7,1,0.858,0
txn_00191,91.07,3,0.939,0
txn_00192,117.13,1,1.942,0
txn_00193,104.28,1,2.537,0
txn_00194,75.09,1,0.234,0
txn_00195,103.46,1,0.072,0
txn_00196,107.71,1,10.345,0
txn_00197,82.32,1,0.53,0
txn_00198,103.07,1,0.111,0
txn_00199,101.16,1,0.421,0
txn_00200,77.14,1,0.079,0
txn_00201,107.16,2,0.995,0
txn_00202,111.22,1,3.243,0
txn_00203,121.66,1,0.835,0
txn_00204,121.08,1,1.175,0
txn_00205,72.45,1,2.251,0
txn_00206,81.24,1,1.422,0
txn_00207,110.3,2,3.953,0
txn_00208,110.28,1,4.02,0
txn_00209,110.3,1,0.02,0
txn_00210,177.05,2,3.011,0
txn_00211,111.42,1,1.235,0
txn_00212,122.71,1,8.991,0
txn_00213,119.08,1,1.32,0
txn_00214,113.03,1,8.67,0
txn_00215,93.69,1,2.809,0
txn_00216,115.18,1,0.572,0
txn_00217,84.54,1,1.546,0
txn_00218,95.26,3,9.691,0
txn_00219,90.29,1,3.897,0
txn_00220,101.64,1,0.205,0
txn_00221,146.29,1,2.451,0
txn_00222,62.65,1,0.848,0
txn_00223,113.73,1,0.014,0
txn_00224,67.75,1,1.033,0
txn_00225,90.56,2,0.535,0
txn_00226,121.78,1,3.417,0
txn_00227,101.29,1,0.823,0
txn_00228,78.45,1,3.515,0
txn_00229,85.69,1,0.001,0
txn_00230,113.59,1,0.736,0
txn_00231,85.39,1,0.552,0
txn_00232,104.33,1,0.532,0
txn_00233,100.91,1,0.141,0
txn_00234,86.97,2,0.414,0
txn_00235,142.88,3,1.622,0
txn_00236,112.68,1,0.689,0
txn_00237,59.5,2,1.08,0
txn_00238,103.73,1,0.946,0
txn_00239,86.76,3,4.173,0
txn_00240,117.05,1,4.714,0
txn_00241,84.15,3,1.358,0
txn_00242,97.71,3,0.801,0
txn_00243,110.1,1,0.226,0
txn_00244,117.32,3,6.132,0
txn_00245,75.99,1,0.124,0
txn_00246,93.31,1,0.707,0
txn_00247,90.5,1,0.708,0
txn_00248,86.93,1,0.773,0
txn_00249,135.31,1,0.359,0
txn_00250,108.1,1,3.057,0
txn_00251,74.78,3,0.261,0
txn_00252,118.36,1,2.015,0
txn_00253,142.44,1,0.264,0
txn_00254,120.65,2,0.146,0
txn_00255,69.61,2,4.803,0
txn_00256,90.32,3,0.422,0
txn_00257,125.34,1,3.444,0
txn_00258,85.85,3,1.573,0
txn_00259,108.88,1,0.162,0
txn_00260,115.49,1,6.222,0
txn_00261,81.46,1,0.567,0
txn_00262,98.81,1,3.927,0
txn_00263,35.17,1,0.37,0
txn_00264,79.51,1,3.848,0
txn_00265,94.95,1,0.027,0
txn_00266,75.04,1,1.434,0
txn_00267,132.65,1,2.935,0
txn_00268,71.4,1,5.46,0
txn_00269,91.2,1,4.798,0
txn_00270,102.61,1,3.425,0
txn_00271,128.83,1,4.382,0
txn_00272,71.28,1,0.444,0
txn_00273,123.26,2,0.669,0
txn_00274,100.2,1,0.682,0
txn_00275,80.37,1,0.947,0
txn_00276,109.24,1,1.0,0
txn_00277,103.98,1,1.573,0
txn_00278,88.0,2,0.348,0
txn_00279,101.4,1,2.35,0
txn_00280,92.29,1,0.367,0
txn_00281,102.27,1,0.743,0
txn_00282,113.24,1,1.4,0
txn_00283,131.72,1,3.184,0
txn_00284,75.24,1,2.69,0
txn_00285,142.66,1,2.074,0
txn_00286,60.96,1,0.339,0
txn_00287,96.96,1,1.584,0
txn_00288,111.77,2,0.183,0
txn_00289,105.62,3,0.948,0
txn_00290,87.55,1,1.067,0
txn_00291,95.84,1,0.081,0
txn_00292,90.14,1,0.64,0
txn_00293,88.21,1,6.231,0
txn_00294,116.99,1,6.142,0
txn_00295,107.14,2,0.869,0
txn_00296,86.14,3,0.088,0
txn_00297,117.99,1,0.395,0
txn_00298,106.15,1,0.996,0
txn_00299,116.26,1,5.905,0
txn_00300,112.59,1,0.304,0
txn_00301,83.42,1,2.884,0
txn_00302,88.8,1,0.23,0
txn_00303,114.95,1,7.954,0
txn_00304,112.21,1,0.961,0
txn_00305,99.58,1,2.985,0
txn_00306,102.35,2,0.839,0
txn_00307,125.55,1,1.976,0
txn_00308,88.17,1,0.426,0
txn_00309,110.94,1,0.316,0
txn_00310,95.96,1,5.563,0
txn_00311,95.65,1,4.993,0
txn_00312,121.98,1,4.369,0
txn_00313,116.51,2,1.964,0
txn_00314,116.27,1,3.303,0
txn_00315,126.11,3,0.143,0
txn_00316,100.42,1,0.815,0
txn_00317,113.64,1,0.753,0
txn_00318,93.79,1,2.019,0
txn_00319,106.48,1,0.88,0
txn_00320,97.4,1,0.322,0
txn_00321,101.94,1,1.815,0
txn_00322,111.9,1,3.368,0
txn_00323,83.64,2,0.963,0
txn_00324,141.85,2,0.284,0
txn_00325,79.88,2,0.438,0
txn_00326,75.72,1,0.542,0
txn_00327,123.16,1,0.713,0
txn_00328,115.83,1,2.059,0
txn_00329,112.48,1,1.837,0
txn_00330,112.57,1,2.382,0
txn_00331,99.76,1,0.9,0
txn_00332,82.05,1,3.475,0
txn_00333,101.52,1,0.457,0
txn_00334,86.46,2,1.266,0
txn_00335,119.5,1,3.228,0
txn_00336,97.06,1,0.397,0
txn_00337,83.49,1,0.233,0
txn_00338,93.57,2,4.303,0
txn_00339,108.26,1,0.84,0
txn_00340,88.73,1,2.303,0
txn_00341,83.56,2,0.051,0
txn_00342,104.87,2,2.343,0
txn_00343,104.9,1,0.76,0
txn_00344,89.86,1,0.115,0
txn_00345,90.58,1,1.882,0
txn_00346,104.64,1,0.551,0
txn_00347,71.04,1,0.978,0
txn_00348,71.85,2,0.168,0
txn_00349,85.63,1,0.318,0
txn_00350,95.73,1,0.708,0
txn_00351,106.22,1,0.188,0
txn_00352,129.51,1,4.834,0
txn_00353,117.15,1,0.012,0
txn_00354,96.8,1,1.323,0
txn_00355,99.62,1,0.263,0
txn_00356,79.95,1,0.735,0
txn_00357,99.63,1,5.209,0
txn_00358,94.23,1,0.353,0
txn_00359,106.45,3,6.753,0
txn_00360,83.46,1,0.461,0
txn_00361,110.39,1,2.706,0
txn_00362,130.65,1,1.582,0
txn_00363,97.82,1,4.317,0
txn_00364,108.03,1,1.615,0
txn_00365,113.8,1,1.53,0
txn_00366,91.98,3,0.435,0
txn_00367,104.48,1,0.364,0
txn_00368,100.25,1,4.966,0
txn_00369,101.95,1,0.795,0
txn_00370,84.54,2,0.931,0
txn_00371,100.49,1,2.853,0
txn_00372,109.96,1,0.827,0
txn_00373,129.02,1,6.076,0
txn_00374,119.19,1,2.678,0
txn_00375,143.06,2,1.82,0
txn_00376,84.65,1,4.256,0
txn_00377,117.45,1,0.102,0
txn_00378,103.67,2,0.594,0
txn_00379,143.8,2,1.251,0
txn_00380,83.83,3,0.515,0
txn_00381,83.21,1,2.724,0
txn_00382,88.01,1,5.032,0
txn_00383,57.52,1,1.102,0
txn_00384,89.48,1,0.838,0
txn_00385,84.82,1,6.517,0
txn_00386,103.01,1,1.177,0
txn_00387,106.84,1,1.343,0
txn_00388,137.52,1,0.867,0
txn_00389,119.01,1,4.806,0
txn_00390,88.46,1,1.683,0
txn_00391,82.03,3,2.872,0
txn_00392,109.84,1,3.341,0
txn_00393,73.6,1,0.837,0
txn_00394,136.63,1,1.137,0
txn_00395,123.59,1,3.774,0
txn_00396,90.62,1,0.903,0
txn_00397,65.74,1,3.159,0
txn_00398,127.08,1,5.66,0
txn_00399,97.71,1,1.952,0
txn_00400,124.76,1,2.707,0
txn_00401,68.11,1,3.271,0
txn_00402,88.01,2,3.729,0
txn_00403,100.1,2,1.005,0
txn_00404,100.94,1,0.105,0
txn_00405,91.0,1,1.028,0
txn_00406,112.46,1,2.24,0
txn_00407,78.65,2,1.197,0
txn_00408,97.15,1,2.764,0
txn_00409,102.41,1,0.883,0
txn_00410,110.29,2,2.014,0
txn_00411,114.23,1,0.413,0
txn_00412,77.51,2,2.768,0
txn_00413,69.32,1,1.578,0
txn_00414,125.55,1,0.456,0
txn_00415,106.65,1,0.69,0
txn_00416,85.03,3,2.761,0
txn_00417,131.02,2,1.318,0
txn_00418,102.31,1,0.487,0
txn_00419,123.59,1,6.839,0
txn_00420,101.35,1,2.511,0
txn_00421,141.21,2,6.299,0
txn_00422,135.11,1,1.114,0
txn_00423,95.02,1,1.289,0
txn_00424,119.43,1,4.565,0
txn_00425,112.91,1,1.489,0
txn_00426,127.37,1,2.457,0
txn_00427,80.7,1,0.581,0
txn_00428,113.72,1,1.184,0
txn_00429,121.17,2,0.264,0
txn_00430,64.83,1,0.461,0
txn_00431,76.33,1,0.002,0
txn_00432,59.22,3,0.08,0
txn_00433,94.61,1,7.569,0
txn_00434,114.35,1,0.555,0
txn_00435,130.05,1,2.177,0
txn_00436,101.48,2,3.654,0
txn_00437,132.57,1,1.6,0
txn_00438,72.4,3,0.332,0
txn_00439,65.93,1,2.605,0
txn_00440,98.89,1,1.834,0
txn_00441,107.68,1,2.628,0
txn_00442,99.35,2,2.937,0
txn_00443,58.65,1,7.411,0
txn_00444,98.22,2,1.705,0
txn_00445,73.91,1,0.836,0
txn_00446,113.39,1,2.091,0
txn_00447,107.33,1,0.142,0
txn_00448,81.2,2,4.554,0
txn_00449,89.72,1,0.254,0
txn_00450,78.82,1,0.795,0
txn_00451,98.75,1,3.383,0
txn_00452,119.1,2,1.819,0
txn_00453,80.29,1,1.001,0
txn_00454,110.08,1,1.283,0
txn_00455,89.39,1,3.856,0
txn_00456,84.14,1,0.831,0
txn_00457,97.86,1,4.075,0
txn_00458,79.3,2,0.185,0
txn_00459,88.93,2,2.999,0
txn_00460,76.04,1,3.762,0
txn_00461,139.29,1,0.401,0
txn_00462,100.71,1,1.125,0
txn_00463,86.01,1,0.362,0
txn_00464,104.28,1,2.452,0
txn_00465,97.75,1,1.533,0
txn_00466,95.58,1,2.017,0
txn_00467,112.28,1,0.438,0
txn_00468,115.15,1,0.476,0
txn_00469,89.39,1,0.085,0
txn_00470,88.48,1,0.777,0
txn_00471,94.5,1,1.641,0
txn_00472,53.96,1,3.903,0
txn_00473,69.7,1,2.199,0
txn_00474,127.34,1,1.143,0
txn_00475,132.9,1,6.12,0
txn_00476,95.02,1,2.541,0
txn_00477,111.53,1,5.323,0
txn_00478,106.23,1,1.5,0
txn_00479,161.58,2,0.599,0
txn_00480,122.39,1,0.109,0
txn_00481,97.44,1,2.59,0
txn_00482,80.89,1,0.259,0
txn_00483,67.87,1,0.721,0
txn_00484,104.07,1,1.521,0
txn_00485,84.87,1,1.662,0
txn_00486,71.55,1,1.835,0
txn_00487,87.07,1,0.364,0
txn_00488,78.37,1,0.955,0
txn_00489,133.74,1,1.92,0
txn_00490,117.63,3,7.001,0
txn_00491,99.84,1,2.601,0
txn_00492,129.6,1,5.118,0
txn_00493,101.55,1,2.873,0
txn_00494,82.77,3,1.792,0
txn_00495,130.46,1,0.426,0
txn_00496,110.78,1,2.197,0
txn_00497,79.26,1,1.953,0
txn_00498,96.19,1,1.845,0
txn_00499,82.49,1,1.346,0
txn_00500,72.34,1,1.504,0
txn_00501,118.52,1,0.814,0
txn_00502,138.19,1,1.465,0
txn_00503,72.03,1,0.44,0
txn_00504,111.26,1,3.271,0
txn_00505,86.99,1,0.411,0
txn_00506,90.26,1,0.178,0
txn_00507,88.15,1,1.146,0
txn_00508,82.72,3,2.148,0
txn_00509,100.97,1,1.151,0
txn_00510,83.38,1,0.648,0
txn_00511,105.41,1,1.634,0
txn_00512,99.0,3,0.852,0
txn_00513,95.22,1,5.402,0
txn_00514,81.85,1,5.119,0
txn_00515,88.46,1,1.396,0
txn_00516,115.11,1,0.795,0
txn_00517,110.02,1,2.672,0
txn_00518,80.45,1,0.075,0
txn_00519,101.99,1,1.288,0
txn_00520,115.03,3,0.82,0
txn_00521,66.61,1,5.065,0
txn_00522,110.87,1,0.024,0
txn_00523,86.75,1,1.61,0
txn_00524,111.41,1,2.699,0
txn_00525,84.73,1,1.327,0
txn_00526,63.9,1,0.179,0
txn_00527,67.45,1,7.184,0
txn_00528,100.96,2,1.46,0
txn_00529,105.19,2,1.905,0
txn_00530,81.91,1,0.54,0
txn_00531,112.77,1,1.321,0
txn_00532,66.77,2,1.121,0
txn_00533,98.68,1,0.156,0
txn_00534,75.78,2,0.224,0
txn_00535,86.96,1,3.634,0
txn_00536,100.95,1,0.548,0
txn_00537,82.79,1,0.434,0
txn_00538,92.31,1,1.406,0
txn_00539,120.13,1,2.928,0
txn_00540,88.46,1,0.128,0
txn_00541,116.71,1,1.72,0
txn_00542,77.41,1,0.254,0
txn_00543,110.6,1,0.074,0
txn_00544,128.83,3,0.108,0
txn_00545,50.57,1,3.594,0
txn_00546,84.06,2,0.251,0
txn_00547,111.54,1,0.092,0
txn_00548,95.94,1,1.152,0
txn_00549,107.42,3,3.716,0
txn_00550,87.92,1,0.609,0
txn_00551,101.73,1,1.095,0
txn_00552,96.89,1,0.081,0
txn_00553,123.36,1,1.192,0
txn_00554,105.09,1,1.724,0
txn_00555,106.75,2,1.692,0
txn_00556,91.76,1,0.808,0
txn_00557,90.25,1,0.758,0
txn_00558,91.35,1,0.225,0
txn_00559,107.89,1,0.914,0
txn_00560,91.58,1,0.21,0
txn_00561,105.8,1,2.91,0
txn_00562,141.51,1,6.779,0
txn_00563,117.42,1,7.018,0
txn_00564,93.48,1,4.006,0
txn_00565,124.02,1,1.837,0
txn_00566,91.84,1,2.414,0
txn_00567,59.24,1,0.672,0
txn_00568,79.84,2,1.993,0
txn_00569,62.58,1,1.216,0
txn_00570,92.97,1,1.316,0
txn_00571,100.37,1,2.836,0
txn_00572,133.53,1,0.662,0
txn_00573,106.54,1,0.766,0
txn_00574,95.62,1,5.171,0
txn_00575,116.59,1,0.116,0
txn_00576,55.78,1,1.33,0
txn_00577,104.71,1,4.879,0
txn_00578,115.42,1,1.885,0
txn_00579,70.43,1,1.581,0
txn_00580,122.88,1,0.575,0
txn_00581,106.77,3,0.841,0
txn_00582,91.69,2,3.822,0
txn_00583,112.66,2,1.638,0
txn_00584,145.41,2,1.446,0
txn_00585,103.64,2,0.21,0
txn_00586,104.96,1,0.032,0
txn_00587,90.81,1,6.631,0
txn_00588,83.0,1,0.946,0
txn_00589,116.61,1,1.849,0
txn_00590,82.88,1,0.166,0
txn_00591,101.43,1,2.298,0
txn_00592,90.45,1,5.393,0
txn_00593,109.58,1,1.714,0
txn_00594,106.67,2,0.27,0
txn_00595,120.75,1,1.743,0
txn_00596,89.8,1,2.908,0
txn_00597,94.6,1,1.043,0
txn_00598,80.42,1,4.238,0
txn_00599,91.11,2,2.092,0
txn_00600,107.55,1,4.59,0
txn_00601,115.14,1,1.954,0
txn_00602,81.56,1,0.281,0
txn_00603,117.39,1,0.741,0
txn_00604,127.11,1,0.451,0
txn_00605,108.27,1,4.79,0
txn_00606,137.54,1,2.858,0
txn_00607,84.52,1,2.256,0
txn_00608,75.11,1,0.716,0
txn_00609,64.43,2,0.407,0
txn_00610,129.92,1,2.825,0
txn_00611,113.09,2,1.286,0
txn_00612,98.89,1,0.512,0
txn_00613,105.6,1,1.917,0
txn_00614,77.49,1,0.082,0
txn_00615,148.92,1,0.79,0
txn_00616,102.58,1,1.264,0
txn_00617,102.19,1,0.32,0
txn_00618,114.52,1,8.354,0
txn_00619,109.62,2,0.469,0
txn_00620,104.48,1,0.279,0
txn_00621,84.19,1,0.455,0
txn_00622,109.43,1,2.931,0
txn_00623,137.64,1,1.109,0
txn_00624,126.91,1,1.667,0
txn_00625,131.86,1,0.042,0
txn_00626,89.78,1,0.07,0
txn_00627,80.21,1,1.181,0
txn_00628,97.48,1,3.393,0
txn_00629,101.11,1,4.33,0
txn_00630,121.88,2,0.181,0
txn_00631,66.15,2,1.546,0
txn_00632,130.59,1,4.889,0
txn_00633,96.84,1,0.982,0
txn_00634,91.46,1,3.539,0
txn_00635,79.76,1,0.287,0
txn_00636,66.9,1,5.479,0
txn_00637,116.46,1,2.784,0
txn_00638,101.47,1,5.672,0
txn_00639,74.2,1,2.258,0
txn_00640,74.1,1,0.903,0
txn_00641,93.28,2,5.567,0
txn_00642,133.38,1,0.645,0
txn_00643,94.81,1,0.807,0
txn_00644,69.94,2,2.413,0
txn_00645,95.09,3,2.899,0
txn_00646,94.55,1,5.302,0
txn_00647,46.06,1,0.458,0
txn_00648,98.91,1,3.199,0
txn_00649,95.38,2,2.683,0
txn_00650,113.92,2,0.132,0
txn_00651,136.98,1,0.98,0
txn_00652,122.53,1,0.665,0
txn_00653,94.62,1,0.726,0
txn_00654,77.87,1,8.143,0
txn_00655,151.47,1,2.059,0
txn_00656,101.18,2,2.529,0
txn_00657,100.28,1,7.512,0
txn_00658,99.52,2,0.947,0
txn_00659,103.96,2,3.237,0
txn_00660,97.11,1,1.14,0
txn_00661,88.53,1,4.073,0
txn_00662,89.06,1,0.399,0
txn_00663,99.34,1,5.901,0
txn_00664,89.13,1,0.494,0
txn_00665,85.74,1,0.79,0
txn_00666,102.13,1,2.823,0
txn_00667,94.9,1,1.001,0
txn_00668,130.08,1,1.874,0
txn_00669,46.98,1,1.176,0
txn_00670,121.83,1,2.712,0
txn_00671,124.92,1,0.518,0
txn_00672,58.53,1,0.12,0
txn_00673,93.15,1,0.713,0
txn_00674,92.57,1,1.286,0
txn_00675,71.85,1,0.368,0
txn_00676,84.44,1,0.876,0
txn_00677,77.79,1,1.022,0
txn_00678,135.05,2,0.118,0
txn_00679,118.71,1,1.751,0
txn_00680,125.43,1,4.314,0
txn_00681,114.43,1,0.329,0
txn_00682,77.42,1,1.822,0
txn_00683,89.51,1,2.186,0
txn_00684,109.79,1,1.087,0
txn_00685,75.56,1,2.415,0
txn_00686,114.26,1,1.058,0
txn_00687,95.19,1,1.405,0
txn_00688,92.5,1,0.015,0
txn_00689,114.22,1,2.353,0
txn_00690,108.89,3,2.166,0
txn_00691,92.78,1,0.078,0
txn_00692,123.19,1,0.919,0
txn_00693,78.38,1,7.73,0
txn_00694,112.32,1,1.092,0
txn_00695,111.86,1,1.394,0
txn_00696,93.81,1,4.814,0
txn_00697,106.52,1,2.526,0
txn_00698,74.98,1,1.745,0
txn_00699,118.48,1,3.197,0
txn_00700,96.3,1,3.996,0
txn_00701,89.55,2,1.221,0
txn_00702,120.98,1,1.289,0
txn_00703,85.91,1,0.976,0
txn_00704,71.83,1,6.805,0
txn_00705,68.87,1,2.389,0
txn_00706,112.12,1,0.174,0
txn_00707,74.39,1,3.975,0
txn_00708,135.1,1,1.31,0
txn_00709,58.36,1,0.142,0
txn_00710,133.93,1,1.596,0
txn_00711,104.22,1,1.08,0
txn_00712,98.07,2,4.203,0
txn_00713,89.1,1,0.456,0
txn_00714,107.98,1,3.503,0
txn_00715,99.25,1,1.631,0
txn_00716,122.07,1,0.112,0
txn_00717,102.28,1,7.14,0
txn_00718,103.01,1,1.437,0
txn_00719,92.73,1,0.687,0
txn_00720,98.86,1,1.268,0
txn_00721,106.16,1,3.902,0
txn_00722,65.8,1,0.727,0
txn_00723,73.04,1,0.428,0
txn_00724,114.87,1,0.276,0
txn_00725,103.42,1,0.707,0
txn_00726,96.32,1,3.029,0
txn_00727,100.37,2,1.276,0
txn_00728,106.95,2,0.516,0
txn_00729,89.2,2,0.363,0
txn_00730,84.43,1,0.809,0
txn_00731,103.92,1,5.624,0
txn_00732,80.43,1,0.84,0
txn_00733,108.17,1,8.866,0
txn_00734,65.95,1,1.328,0
txn_00735,120.58,2,0.395,0
txn_00736,109.45,2,4.435,0
txn_00737,105.12,1,1.234,0
txn_00738,119.65,1,2.473,0
txn_00739,133.31,1,8.235,0
txn_00740,120.29,2,0.103,0
txn_00741,63.18,2,0.203,0
txn_00742,74.41,1,2.549,0
txn_00743,87.5,1,0.662,0
txn_00744,100.52,2,0.407,0
txn_00745,110.35,1,0.08,0
txn_00746,85.49,1,0.044,0
txn_00747,103.74,3,2.979,0
txn_00748,84.89,1,0.289,0
txn_00749,87.77,1,1.261,0
txn_00750,71.87,1,1.862,0
txn_00751,81.54,1,1.118,0
txn_00752,72.97,2,0.055,0
txn_00753,80.48,1,3.06,0
txn_00754,121.07,3,0.021,0
txn_00755,81.01,1,2.87,0
txn_00756,152.65,1,4.476,0
txn_00757,109.87,1,1.134,0
txn_00758,103.7,1,1.534,0
txn_00759,82.83,1,1.296,0
txn_00760,114.01,1,0.986,0
txn_00761,88.49,1,4.368,0
txn_00762,102.44,1,4.487,0
txn_00763,151.2,1,0.818,0
txn_00764,98.08,1,1.909,0
txn_00765,122.99,1,5.232,0
txn_00766,85.94,1,6.543,0
txn_00767,99.3,1,1.422,0
txn_00768,135.42,1,1.206,0
txn_00769,87.46,1,0.653,0
txn_00770,136.25,1,6.382,0
txn_00771,114.16,2,0.308,0
txn_00772,88.75,1,1.734,0
txn_00773,112.65,1,0.664,0
txn_00774,119.45,1,0.654,0
txn_00775,112.44,1,1.038,0
txn_00776,68.6,1,13.439,0
txn_00777,85.46,1,0.113,0
txn_00778,95.05,1,1.728,0
txn_00779,98.51,2,0.172,0
txn_00780,112.41,1,0.336,0
txn_00781,103.55,1,1.158,0
txn_00782,73.29,1,1.429,0
txn_00783,107.6,1,0.599,0
txn_00784,112.21,1,0.761,0
txn_00785,111.2,1,0.182,0
txn_00786,121.62,1,0.723,0
txn_00787,116.68,2,6.796,0
txn_00788,109.18,1,5.79,0
txn_00789,98.6,2,0.816,0
txn_00790,66.78,1,1.692,0
txn_00791,108.59,1,4.807,0
txn_00792,104.15,1,0.012,0
txn_00793,105.43,2,3.329,0
txn_00794,74.47,1,5.927,0
txn_00795,78.38,1,0.192,0
txn_00796,121.06,1,0.352,0
txn_00797,99.21,1,6.475,0
txn_00798,113.63,1,1.542,0
txn_00799,100.57,1,0.029,0
txn_00800,100.6,1,0.596,0
txn_00801,118.77,1,1.195,0
txn_00802,89.68,1,2.361,0
txn_00803,101.92,1,2.642,0
txn_00804,90.75,1,10.773,0
txn_00805,91.31,2,0.678,0
txn_00806,93.82,1,1.545,0
txn_00807,104.44,1,1.524,0
txn_00808,90.43,1,1.041,0
txn_00809,125.12,1,0.371,0
txn_00810,82.11,1,7.585,0
txn_00811,96.26,2,3.839,0
txn_00812,91.21,1,1.38,0
txn_00813,128.94,1,1.849,0
txn_00814,103.93,1,0.516,0
txn_00815,120.64,1,1.57,0
txn_00816,70.29,1,2.375,0
txn_00817,105.34,2,1.448,0
txn_00818,117.79,1,9.268,0
txn_00819,101.65,1,1.89,0
txn_00820,121.31,1,0.927,0
txn_00821,89.65,1,2.958,0
txn_00822,128.19,1,0.374,0
txn_00823,145.98,1,0.971,0
txn_00824,92.74,1,0.852,0
txn_00825,91.09,1,1.131,0
txn_00826,129.07,1,3.045,0
txn_00827,131.59,2,1.324,0
txn_00828,89.54,1,3.16,0
txn_00829,91.6,1,1.718,0
txn_00830,94.36,1,0.837,0
txn_00831,73.11,1,3.321,0
txn_00832,81.63,1,0.544,0
txn_00833,79.92,1,0.508,0
txn_00834,84.64,1,1.404,0
txn_00835,99.31,1,0.605,0
txn_00836,104.68,1,0.018,0
txn_00837,131.01,1,2.09,0
txn_00838,80.03,2,1.431,0
txn_00839,119.69,1,1.179,0
txn_00840,95.72,1,6.821,0
txn_00841,99.01,1,1.694,0
txn_00842,113.5,1,3.982,0
txn_00843,77.55,1,0.3,0
txn_00844,107.65,2,1.684,0
txn_00845,103.33,2,4.05,0
txn_00846,109.85,1,1.75,0
txn_00847,105.78,2,2.532,0
txn_00848,149.11,3,0.931,0
txn_00849,87.25,2,0.194,0
txn_00850,89.38,2,1.225,0
txn_00851,87.54,1,1.003,0
txn_00852,88.89,1,4.036,0
txn_00853,87.25,1,0.559,0
txn_00854,123.78,1,6.806,0
txn_00855,128.41,3,6.347,0
txn_00856,88.59,1,0.569,0
txn_00857,83.35,1,0.856,0
txn_00858,109.43,2,4.518,0
txn_00859,88.96,2,6.8,0
txn_00860,112.66,3,1.172,0
txn_00861,104.06,1,0.774,0
txn_00862,69.69,1,1.493,0
txn_00863,130.95,1,2.328,0
txn_00864,135.92,1,0.639,0
txn_00865,87.74,1,2.667,0
txn_00866,92.25,1,0.106,0
txn_00867,105.72,1,0.101,0
txn_00868,106.69,1,0.976,0
txn_00869,113.17,1,0.872,0
txn_00870,140.2,1,0.759,0
txn_00871,96.46,1,1.351,0
txn_00872,84.03,1,0.773,0
txn_00873,72.41,1,0.427,0
txn_00874,85.38,1,0.741,0
txn_00875,99.34,1,7.37,0
txn_00876,135.89,1,1.059,0
txn_00877,89.65,2,1.177,0
txn_00878,104.48,1,1.719,0
txn_00879,99.67,1,8.19,0
txn_00880,123.77,1,0.553,0
txn_00881,150.54,2,2.287,0
txn_00882,89.38,1,2.517,0
txn_00883,90.21,1,1.87,0
txn_00884,120.88,3,0.185,0
txn_00885,113.64,1,2.259,0
txn_00886,136.93,1,0.132,0
txn_00887,111.68,1,1.813,0
txn_00888,92.81,1,2.691,0
txn_00889,111.81,1,0.474,0
txn_00890,122.17,1,3.686,0
txn_00891,116.41,2,0.062,0
txn_00892,110.15,2,3.713,0
txn_00893,121.33,1,1.234,0
txn_00894,123.39,1,0.491,0
txn_00895,127.64,1,0.287,0
txn_00896,112.97,3,6.128,0
txn_00897,96.66,3,0.151,0
txn_00898,102.93,1,0.444,0
txn_00899,124.13,2,0.855,0
txn_00900,83.66,1,1.936,0
txn_00901,107.37,1,1.574,0
txn_00902,92.13,1,0.269,0
txn_00903,100.57,1,0.684,0
txn_00904,125.57,1,0.546,0
txn_00905,103.82,1,0.48,0
txn_00906,100.93,1,1.059,0
txn_00907,72.8,2,2.435,0
txn_00908,114.93,1,0.49,0
txn_00909,112.91,1,0.914,0
txn_00910,143.27,1,0.992,0
txn_00911,93.84,1,7.498,0
txn_00912,104.38,1,6.187,0
txn_00913,104.99,1,3.22,0
txn_00914,131.55,1,0.553,0
txn_00915,98.09,1,0.141,0
txn_00916,105.58,1,0.762,0
txn_00917,112.16,1,0.621,0
txn_00918,103.73,1,1.41,0
txn_00919,91.07,1,3.008,0
txn_00920,103.88,1,3.908,0
txn_00921,121.47,2,3.727,0
txn_00922,79.47,1,0.892,0
txn_00923,102.66,1,2.325,0
txn_00924,86.0,1,0.75,0
txn_00925,123.9,1,0.126,0
txn_00926,69.54,1,2.418,0
txn_00927,88.82,2,0.02,0
txn_00928,107.54,2,1.052,0
txn_00929,131.31,3,0.799,0
txn_00930,98.68,1,2.364,0
txn_00931,88.9,1,2.907,0
txn_00932,137.62,1,0.725,0
txn_00933,71.04,1,3.339,0
txn_00934,56.02,1,0.696,0
txn_00935,108.8,1,1.182,0
txn_00936,89.96,2,2.597,0
txn_00937,79.58,1,2.361,0
txn_00938,114.17,1,8.743,0
txn_00939,104.88,1,0.51,0
txn_00940,88.72,1,2.171,0
txn_00941,74.39,1,1.882,0
txn_00942,117.45,1,4.933,0
txn_00943,113.0,1,0.34,0
txn_00944,98.02,1,2.787,0
txn_00945,136.93,2,1.68,0
txn_00946,78.6,2,0.642,0
txn_00947,69.49,1,1.287,0
txn_00948,86.16,1,0.812,0
txn_00949,99.09,2,1.732,0
txn_00950,104.87,2,4.396,0
txn_00951,95.18,1,1.685,0
txn_00952,107.04,1,1.998,0
txn_00953,74.97,1,1.463,0
txn_00954,128.88,2,0.105,0
txn_00955,98.36,3,0.53,0
txn_00956,122.35,1,1.355,0
txn_00957,106.85,2,0.743,0
txn_00958,109.14,1,0.401,0
txn_00959,111.4,3,1.403,0
txn_00960,108.95,1,0.78,0
txn_00961,112.85,2,0.597,0
txn_00962,126.58,1,1.247,0
txn_00963,103.93,1,0.286,0
txn_00964,114.18,1,5.255,0
txn_00965,98.21,3,4.045,0
txn_00966,128.8,2,2.459,0
txn_00967,86.47,2,0.225,0
txn_00968,136.02,2,2.991,0
txn_00969,99.2,1,3.3,0
txn_00970,71.38,1,2.92,0
txn_00971,102.56,1,0.242,0
txn_00972,86.38,1,2.065,0
txn_00973,116.81,1,3.595,0
txn_00974,86.95,1,1.722,0
txn_00975,91.08,1,2.079,0
txn_00976,62.21,1,1.226,0
txn_00977,90.95,1,1.505,0
txn_00978,51.52,1,0.07,0
txn_00979,68.32,3,2.038,0
txn_00980,115.21,1,0.17,0
txn_00981,115.72,3,1.142,0
txn_00982,108.51,1,0.692,0
txn_00983,80.66,1,1.577,0
txn_00984,99.05,1,0.286,0
txn_00985,99.93,1,2.353,0
txn_00986,76.83,1,3.17,0
txn_00987,130.07,1,0.357,0
txn_00988,117.55,1,0.22,0
txn_00989,95.58,1,0.315,0
txn_00990,100.54,1,4.193,0
txn_00991,104.17,1,1.502,0
txn_00992,59.17,1,1.259,0
txn_00993,95.06,1,0.226,0
txn_00994,86.36,2,2.097,0
txn_00995,79.97,1,4.05,0
txn_00996,94.38,1,3.523,0
txn_00997,135.95,2,1.967,0
txn_00998,112.82,1,0.157,0
txn_00999,88.58,1,0.238,0
txn_01000,111.45,1,0.101,0
txn_01001,127.99,1,0.595,0
txn_01002,118.49,1,0.292,0
txn_01003,101.19,2,0.602,0
txn_01004,87.06,1,0.972,0
txn_01005,113.96,1,5.729,0
txn_01006,107.87,1,1.885,0
txn_01007,117.9,1,3.603,0
txn_01008,112.7,1,2.478,0
txn_01009,120.99,1,0.239,0
txn_01010,89.3,1,2.663,0
txn_01011,126.35,1,0.643,0
txn_01012,103.95,1,2.038,0
txn_01013,141.51,1,0.834,0
txn_01014,86.22,2,12.126,0
txn_01015,134.72,1,0.612,0
txn_01016,103.96,1,0.655,0
txn_01017,86.97,1,5.338,0
txn_01018,90.32,1,0.05,0
txn_01019,93.59,1,2.386,0
txn_01020,108.48,1,2.584,0
txn_01021,110.46,1,3.62,0
txn_01022,88.53,2,7.333,0
txn_01023,99.51,1,7.427,0
txn_01024,142.85,1,0.135,0
txn_01025,134.55,2,3.45,0
txn_01026,108.73,3,2.079,0
txn_01027,100.76,2,2.085,0
txn_01028,102.4,1,0.275,0
txn_01029,112.27,1,2.101,0
txn_01030,79.54,1,8.089,0
txn_01031,94.85,1,4.857,0
txn_01032,66.63,1,1.157,0
txn_01033,107.98,1,0.082,0
txn_01034,112.94,2,0.9,0
txn_01035,90.34,1,3.502,0
txn_01036,131.48,2,2.418,0
txn_01037,75.48,1,1.23,0
txn_01038,70.71,1,0.113,0
txn_01039,104.49,1,1.113,0
txn_01040,120.94,1,1.266,0
txn_01041,133.68,1,5.278,0
txn_01042,90.82,1,2.049,0
txn_01043,121.57,3,0.747,0
txn_01044,99.23,1,1.49,0
txn_01045,96.55,1,0.137,0
txn_01046,117.67,1,7.192,0
txn_01047,113.05,1,0.893,0
txn_01048,68.47,1,1.3,0
txn_01049,129.53,1,0.878,0
txn_01050,127.6,1,2.295,0
txn_01051,87.49,1,2.171,0
txn_01052,107.92,1,2.513,0
txn_01053,109.88,1,0.624,0
txn_01054,105.21,1,0.759,0
txn_01055,88.99,1,0.268,0
txn_01056,86.57,1,2.131,0
txn_01057,99.49,1,0.081,0
txn_01058,123.45,1,1.821,0
txn_01059,110.87,2,4.076,0
txn_01060,92.59,1,4.43,0
txn_01061,115.43,2,1.192,0
txn_01062,43.03,3,1.23,0
txn_01063,122.98,1,0.16,0
txn_01064,65.21,1,2.222,0
txn_01065,92.75,1,3.444,0
txn_01066,77.61,1,0.561,0
txn_01067,74.11,1,1.094,0
txn_01068,123.22,1,3.651,0
txn_01069,90.65,1,4.193,0
txn_01070,106.93,2,0.557,0
txn_01071,99.06,1,1.6,0
txn_01072,109.54,1,0.428,0
txn_01073,101.54,1,0.215,0
txn_01074,74.34,1,4.841,0
txn_01075,119.93,1,3.435,0
txn_01076,90.12,2,2.855,0
txn_01077,68.87,1,0.1,0
txn_01078,91.44,1,3.712,0
txn_01079,130.02,1,1.153,0
txn_01080,117.0,2,0.838,0
txn_01081,93.03,1,1.581,0
txn_01082,93.01,1,0.192,0
txn_01083,93.57,1,2.826,0
txn_01084,141.53,1,1.747,0
txn_01085,107.64,1,0.413,0
txn_01086,108.6,1,0.417,0
txn_01087,120.61,1,0.407,0
txn_01088,104.78,1,0.117,0
txn_01089,94.82,2,1.772,0
txn_01090,96.07,1,3.67,0
txn_01091,98.57,1,0.035,0
txn_01092,99.26,1,0.1,0
txn_01093,114.55,1,1.701,0
txn_01094,101.04,2,3.424,0
txn_01095,114.65,1,0.791,0
txn_01096,98.39,1,0.86,0
txn_01097,101.57,1,1.814,0
txn_01098,60.04,1,0.641,0
txn_01099,118.33,1,0.054,0
txn_01100,106.93,1,2.658,0
txn_01101,119.96,1,1.965,0
txn_01102,42.07,3,1.739,0
txn_01103,141.77,1,2.707,0
txn_01104,97.21,1,2.249,0
txn_01105,122.16,2,0.461,0
txn_01106,79.2,1,0.869,0
txn_01107,112.26,1,0.27,0
txn_01108,78.93,1,0.278,0
txn_01109,87.52,1,2.255,0
txn_01110,138.28,1,3.912,0
txn_01111,96.19,1,6.579,0
txn_01112,104.35,2,1.98,0
txn_01113,117.4,1,0.407,0
txn_01114,109.91,1,0.223,0
txn_01115,103.01,1,3.352,0
txn_01116,107.3,1,1.729,0
txn_01117,148.07,1,1.926,0
txn_01118,98.85,1,3.042,0
txn_01119,104.02,2,2.43,0
txn_01120,121.01,1,3.597,0
txn_01121,122.11,1,0.116,0
txn_01122,123.74,1,2.753,0
txn_01123,112.77,1,3.806,0
txn_01124,77.14,1,0.674,0
txn_01125,132.67,1,2.046,0
txn_01126,77.07,1,0.754,0
txn_01127,106.05,1,6.339,0
txn_01128,84.91,1,0.068,0
txn_01129,98.72,1,1.734,0
txn_01130,106.58,1,0.364,0
txn_01131,106.43,2,2.491,0
txn_01132,108.44,1,0.387,0
txn_01133,132.27,1,0.537,0
txn_01134,109.07,1,1.364,0
txn_01135,95.12,1,4.926,0
txn_01136,119.28,1,0.476,0
txn_01137,123.79,1,0.312,0
txn_01138,75.45,1,2.846,0
txn_01139,111.95,2,1.389,0
txn_01140,114.02,1,4.856,0
txn_01141,94.05,1,0.317,0
txn_01142,127.51,1,2.077,0
txn_01143,97.0,2,0.53,0
txn_01144,102.51,1,0.341,0
txn_01145,96.54,1,2.3,0
txn_01146,100.31,1,1.801,0
txn_01147,78.07,1,2.812,0
txn_01148,71.2,1,0.741,0
txn_01149,131.89,3,1.188,0
txn_01150,83.06,1,1.04,0
txn_01151,80.17,2,8.282,0
txn_01152,56.93,1,0.691,0
txn_01153,87.22,1,0.699,0
txn_01154,73.54,1,0.876,0
txn_01155,132.84,1,1.663,0
txn_01156,120.2,2,0.582,0
txn_01157,86.24,2,4.937,0
txn_01158,145.05,2,0.618,0
txn_01159,119.64,1,4.523,0
txn_01160,93.5,1,0.218,0
txn_01161,50.01,1,2.138,0
txn_01162,145.82,3,4.75,0
txn_01163,72.21,1,0.37,0
txn_01164,67.09,1,6.905,0
txn_01165,120.45,1,1.206,0
txn_01166,148.8,1,5.827,0
txn_01167,127.69,3,2.259,0
txn_01168,111.28,1,0.718,0
txn_01169,111.9,1,0.417,0
txn_01170,117.07,1,0.724,0
txn_01171,115.18,1,0.195,0
txn_01172,105.62,1,0.311,0
txn_01173,102.08,1,0.221,0
txn_01174,98.75,2,1.1,0
txn_01175,84.92,2,3.175,0
txn_01176,94.39,1,0.305,0
txn_01177,66.14,1,0.279,0
txn_01178,98.03,2,2.062,0
txn_01179,80.23,1,0.439,0
txn_01180,77.93,1,0.205,0
txn_01181,103.6,1,0.365,0
txn_01182,127.84,1,5.147,0
txn_01183,118.37,1,3.446,0
txn_01184,68.59,3,0.874,0
txn_01185,80.21,1,2.133,0
txn_01186,118.82,1,1.541,0
txn_01187,80.35,1,2.261,0
txn_01188,95.51,1,2.296,0
txn_01189,111.0,1,1.982,0
txn_01190,80.63,1,0.619,0
txn_01191,102.11,1,0.08,0
txn_01192,73.32,1,1.216,0
txn_01193,87.97,2,4.432,0
txn_01194,106.4,2,1.686,0
txn_01195,68.14,1,3.572,0
txn_01196,108.81,1,9.565,0
txn_01197,99.61,1,0.357,0
txn_01198,111.05,1,2.354,0
txn_01199,104.48,1,2.244,0
txn_01200,127.28,1,7.82,0
txn_01201,102.5,1,8.481,0
txn_01202,91.41,2,2.321,0
txn_01203,102.45,2,0.558,0
txn_01204,110.87,2,3.204,0
txn_01205,100.98,1,0.226,0
txn_01206,100.81,1,3.035,0
txn_01207,85.96,1,4.82,0
txn_01208,86.74,1,0.965,0
txn_01209,71.95,1,1.992,0
txn_01210,134.99,1,1.125,0
txn_01211,75.12,1,1.152,0
txn_01212,86.14,2,0.743,0
txn_01213,85.63,1,2.872,0
txn_01214,117.9,1,5.503,0
txn_01215,94.1,1,5.652,0
txn_01216,124.95,1,0.384,0
txn_01217,86.53,1,4.155,0
txn_01218,105.58,1,2.674,0
txn_01219,83.29,1,0.583,0
txn_01220,142.9,1,0.139,0
txn_01221,76.25,1,0.624,0
txn_01222,106.2,1,4.866,0
txn_01223,112.68,1,2.006,0
txn_01224,108.28,2,2.553,0
txn_01225,96.29,1,0.595,0
txn_01226,97.4,1,2.542,0
txn_01227,100.88,1,0.057,0
txn_01228,97.06,2,0.941,0
txn_01229,119.28,2,1.971,0
txn_01230,144.21,1,0.316,0
txn_01231,88.85,1,3.463,0
txn_01232,72.6,2,0.536,0
txn_01233,98.23,1,2.113,0
txn_01234,151.59,1,1.039,0
txn_01235,83.93,1,1.813,0
txn_01236,132.78,2,0.227,0
txn_01237,133.55,2,0.034,0
txn_01238,88.93,1,4.806,0
txn_01239,111.38,1,0.628,0
txn_01240,132.57,1,3.426,0
txn_01241,92.42,1,14.678,0
txn_01242,95.93,3,0.475,0
txn_01243,88.37,1,0.616,0
txn_01244,79.7,1,2.175,0
txn_01245,87.01,1,6.731,0
txn_01246,75.52,1,4.949,0
txn_01247,100.68,1,1.398,0
txn_01248,84.6,1,3.171,0
txn_01249,104.68,1,0.292,0
txn_01250,68.88,1,7.583,0
txn_01251,106.62,1,6.668,0
txn_01252,116.67,1,0.358,0
txn_01253,60.13,1,0.712,0
txn_01254,107.48,2,0.211,0
txn_01255,124.55,2,0.634,0
txn_01256,75.81,3,3.385,0
txn_01257,133.45,1,0.951,0
txn_01258,108.38,3,0.185,0
txn_01259,85.9,1,0.838,0
txn_01260,98.88,1,7.967,0
txn_01261,111.17,1,1.987,0
txn_01262,101.52,1,1.076,0
txn_01263,110.78,1,0.364,0
txn_01264,81.59,1,8.563,0
txn_01265,103.39,1,3.439,0
txn_01266,71.73,1,0.661,0
txn_01267,97.78,1,0.145,0
txn_01268,81.92,1,0.117,0
txn_01269,85.29,1,0.257,0
txn_01270,124.72,2,1.739,0
txn_01271,121.83,2,5.283,0
txn_01272,112.18,1,1.373,0
txn_01273,78.15,1,3.702,0
txn_01274,93.67,1,1.181,0
txn_01275,124.26,2,2.466,0
txn_01276,102.83,1,2.633,0
txn_01277,146.39,1,0.382,0
txn_01278,107.87,1,0.896,0
txn_01279,103.84,1,2.028,0
txn_01280,93.82,1,0.147,0
txn_01281,102.67,2,0.897,0
txn_01282,96.95,1,1.531,0
txn_01283,114.16,1,11.158,0
txn_01284,119.13,2,1.287,0
txn_01285,84.28,2,3.386,0
txn_01286,73.38,1,1.132,0
txn_01287,63.28,1,3.183,0
txn_01288,110.16,1,1.81,0
txn_01289,77.93,2,4.354,0
txn_01290,56.94,1,1.058,0
txn_01291,107.77,2,1.854,0
txn_01292,149.86,1,1.989,0
txn_01293,99.88,1,1.08,0
txn_01294,116.77,1,0.312,0
txn_01295,101.64,1,0.196,0
txn_01296,98.02,1,0.034,0
txn_01297,118.38,1,4.136,0
txn_01298,94.19,1,0.54,0
txn_01299,105.35,3,0.475,0
txn_01300,106.43,1,2.664,0
txn_01301,86.64,1,0.771,0
txn_01302,119.84,1,1.411,0
txn_01303,96.5,1,0.355,0
txn_01304,84.89,1,6.425,0
txn_01305,110.73,1,3.815,0
txn_01306,82.03,2,3.987,0
txn_01307,100.56,1,1.044,0
txn_01308,99.82,1,2.874,0
txn_01309,121.72,1,0.311,0
txn_01310,109.49,1,0.017,0
txn_01311,99.5,1,0.04,0
txn_01312,116.36,2,1.767,0
txn_01313,127.8,2,1.215,0
txn_01314,111.16,1,1.46,0
txn_01315,100.21,1,0.015,0
txn_01316,73.76,1,1.099,0
txn_01317,78.7,1,2.532,0
txn_01318,93.9,1,1.169,0
txn_01319,87.81,1,2.635,0
txn_01320,96.26,1,0.531,0
txn_01321,101.13,1,3.355,0
txn_01322,110.59,1,1.776,0
txn_01323,98.59,1,0.473,0
txn_01324,109.73,1,0.54,0
txn_01325,101.29,1,1.978,0
txn_01326,60.49,2,3.543,0
txn_01327,81.21,1,1.074,0
txn_01328,97.12,1,0.598,0
txn_01329,75.81,1,4.035,0
txn_01330,112.0,2,2.213,0
txn_01331,130.62,1,1.189,0
txn_01332,124.38,1,1.338,0
txn_01333,95.73,1,0.457,0
txn_01334,129.81,1,1.971,0
txn_01335,102.97,3,0.889,0
txn_01336,93.26,1,10.873,0
txn_01337,87.73,2,1.309,0
txn_01338,93.95,2,1.331,0
txn_01339,92.24,2,1.669,0
txn_01340,103.41,1,4.972,0
txn_01341,103.21,1,3.227,0
txn_01342,100.06,1,1.2,0
txn_01343,108.74,1,2.537,0
txn_01344,123.81,1,1.765,0
txn_01345,118.99,1,1.356,0
txn_01346,70.3,1,0.427,0
txn_01347,48.92,1,1.247,0
txn_01348,118.69,2,0.564,0
txn_01349,72.66,1,4.926,0
txn_01350,95.5,2,0.817,0
txn_01351,76.6,1,6.084,0
txn_01352,63.96,2,1.523,0
txn_01353,110.83,1,1.997,0
txn_01354,115.18,1,1.566,0
txn_01355,88.47,2,0.277,0
txn_01356,48.18,1,0.943,0
txn_01357,89.08,2,0.209,0
txn_01358,107.84,1,1.951,0
txn_01359,70.42,1,1.184,0
txn_01360,103.67,1,3.01,0
txn_01361,99.69,1,0.498,0
txn_01362,111.59,1,0.36,0
txn_01363,102.39,1,1.043,0
txn_01364,80.54,1,5.223,0
txn_01365,123.93,1,2.479,0
txn_01366,96.83,3,1.086,0
txn_01367,99.45,3,1.457,0
txn_01368,81.33,1,0.176,0
txn_01369,91.13,1,8.344,0
txn_01370,82.3,1,2.196,0
txn_01371,96.54,1,0.672,0
txn_01372,134.23,2,1.763,0
txn_01373,72.56,2,0.232,0
txn_01374,67.73,1,6.753,0
txn_01375,129.42,1,0.384,0
txn_01376,95.81,1,2.088,0
txn_01377,86.62,3,0.563,0
txn_01378,120.8,1,2.529,0
txn_01379,87.89,1,3.0,0
txn_01380,136.52,1,2.238,0
txn_01381,113.56,1,1.906,0
txn_01382,90.24,1,4.46,0
txn_01383,143.15,2,0.164,0
txn_01384,87.89,1,0.804,0
txn_01385,114.84,1,0.571,0
txn_01386,105.99,1,8.848,0
txn_01387,126.03,1,0.987,0
txn_01388,131.23,1,2.638,0
txn_01389,100.64,1,2.309,0
txn_01390,84.93,1,0.477,0
txn_01391,109.2,1,0.546,0
txn_01392,86.45,1,0.661,0
txn_01393,140.27,1,1.059,0
txn_01394,102.73,2,0.534,0
txn_01395,92.69,1,0.04,0
txn_01396,103.69,1,4.23,0
txn_01397,73.06,1,6.74,0
txn_01398,80.57,1,0.836,0
txn_01399,124.01,1,0.827,0
txn_01400,86.86,1,0.014,0
txn_01401,79.06,1,2.28,0
txn_01402,110.73,1,3.491,0
txn_01403,123.71,1,0.317,0
txn_01404,114.38,2,0.348,0
txn_01405,119.92,3,3.122,0
txn_01406,84.86,1,1.916,0
txn_01407,71.56,1,0.092,0
txn_01408,130.03,2,1.949,0
txn_01409,93.55,2,0.739,0
txn_01410,94.98,1,0.92,0
txn_01411,126.56,1,2.937,0
txn_01412,111.12,1,3.331,0
txn_01413,109.12,1,1.023,0
txn_01414,143.3,1,5.881,0
txn_01415,87.13,1,1.043,0
txn_01416,118.56,1,2.955,0
txn_01417,101.14,1,1.323,0
txn_01418,105.37,1,4.556,0
txn_01419,130.57,1,4.767,0
txn_01420,110.16,1,0.183,0
txn_01421,110.77,1,5.513,0
txn_01422,121.45,1,3.492,0
txn_01423,92.7,3,3.134,0
txn_01424,83.22,1,0.449,0
txn_01425,79.1,1,3.271,0
txn_01426,60.67,1,3.796,0
txn_01427,141.12,1,0.683,0
txn_01428,77.94,2,6.084,0
txn_01429,95.57,1,0.102,0
txn_01430,94.46,1,0.325,0
txn_01431,106.15,1,1.543,0
txn_01432,116.31,1,1.715,0
txn_01433,117.21,2,2.072,0
txn_01434,88.34,2,0.034,0
txn_01435,96.66,1,6.456,0
txn_01436,105.65,1,0.091,0
txn_01437,95.03,2,0.309,0
txn_01438,132.15,2,0.028,0
txn_01439,109.82,1,1.673,0
txn_01440,114.7,1,5.384,0
txn_01441,113.26,1,2.193,0
txn_01442,123.47,2,3.459,0
txn_01443,103.62,1,0.027,0
txn_01444,74.06,1,1.562,0
txn_01445,107.99,1,1.231,0
txn_01446,86.97,1,1.382,0
txn_01447,89.43,1,0.15,0
txn_01448,111.73,1,2.307,0
txn_01449,124.77,1,1.399,0
txn_01450,100.43,1,2.898,0
txn_01451,106.18,1,1.328,0
txn_01452,134.04,1,0.324,0
txn_01453,104.82,1,2.09,0
txn_01454,152.03,2,0.378,0
txn_01455,111.31,1,4.118,0
txn_01456,64.78,1,1.899,0
txn_01457,115.07,1,0.342,0
txn_01458,107.62,1,6.558,0
txn_01459,125.8,1,1.461,0
txn_01460,113.46,1,0.151,0
txn_01461,97.23,1,1.971,0
txn_01462,75.51,1,0.584,0
txn_01463,95.82,1,3.256,0
txn_01464,82.99,1,3.406,0
txn_01465,88.39,1,7.721,0
txn_01466,111.77,1,1.394,0
txn_01467,133.4,1,1.214,0
txn_01468,107.89,1,2.801,0
txn_01469,76.08,2,0.284,0
txn_01470,108.89,2,1.583,0
txn_01471,123.93,1,1.58,0
txn_01472,87.8,1,0.187,0
txn_01473,97.32,1,1.083,0
txn_01474,100.29,1,3.839,0
txn_01475,84.3,1,3.878,0
txn_01476,112.97,2,0.209,0
txn_01477,97.58,1,0.19,0
txn_01478,108.39,2,0.61,0
txn_01479,82.25,1,4.155,0
txn_01480,91.25,1,0.276,0
txn_01481,114.45,1,2.546,0
txn_01482,92.54,1,0.213,0
txn_01483,134.54,1,1.952,0
txn_01484,92.01,1,0.88,0
txn_01485,104.49,1,3.111,0
txn_01486,118.65,3,0.532,0
txn_01487,71.63,1,2.039,0
txn_01488,64.78,3,0.538,0
txn_01489,69.49,3,2.501,0
txn_01490,125.25,1,4.138,0
txn_01491,88.96,1,0.271,0
txn_01492,151.16,1,4.029,0
txn_01493,88.72,2,1.801,0
txn_01494,103.69,1,0.272,0
txn_01495,130.84,1,1.116,0
txn_01496,140.12,1,0.351,0
txn_01497,141.23,1,2.41,0
txn_01498,124.17,1,2.845,0
txn_01499,120.48,1,0.224,0
txn_01500,111.85,1,1.411,0
txn_01501,115.57,2,3.371,0
txn_01502,88.98,1,5.503,0
txn_01503,83.64,2,1.441,0
txn_01504,99.93,1,6.003,0
txn_01505,96.6,2,1.534,0
txn_01506,90.94,1,1.002,0
txn_01507,113.93,1,3.77,0
txn_01508,119.11,1,1.358,0
txn_01509,101.77,2,1.277,0
txn_01510,129.55,1,1.348,0
txn_01511,77.17,2,3.752,0
txn_01512,96.13,3,3.567,0
txn_01513,85.66,1,1.033,0
txn_01514,62.67,1,0.811,0
txn_01515,98.35,1,1.354,0
txn_01516,97.57,1,1.701,0
txn_01517,130.27,2,0.545,0
txn_01518,112.62,1,3.159,0
txn_01519,79.52,1,1.333,0
txn_01520,137.08,3,0.813,0
txn_01521,124.42,1,0.226,0
txn_01522,111.64,2,0.546,0
txn_01523,95.47,1,5.963,0
txn_01524,80.81,1,0.728,0
txn_01525,92.56,1,0.37,0
txn_01526,121.77,1,1.235,0
txn_01527,137.69,1,0.734,0
txn_01528,130.86,1,0.072,0
txn_01529,90.22,1,0.781,0
txn_01530,77.61,1,1.571,0
txn_01531,102.82,1,1.605,0
txn_01532,64.63,1,0.882,0
txn_01533,106.46,1,1.186,0
txn_01534,97.05,1,6.735,0
txn_01535,90.68,1,0.948,0
txn_01536,68.11,1,0.597,0
txn_01537,110.27,1,0.558,0
txn_01538,89.35,1,1.224,0
txn_01539,76.6,1,2.85,0
txn_01540,42.55,1,0.461,0
txn_01541,99.45,2,2.471,0
txn_01542,135.45,1,0.043,0
txn_01543,133.23,1,1.086,0
txn_01544,90.86,1,2.991,0
txn_01545,87.96,1,0.827,0
txn_01546,109.38,2,1.659,0
txn_01547,80.03,1,0.459,0
txn_01548,106.04,1,2.71,0
txn_01549,115.32,1,0.107,0
txn_01550,124.54,1,3.828,0
txn_01551,98.0,1,0.442,0
txn_01552,95.93,1,4.149,0
txn_01553,82.44,1,0.869,0
txn_01554,83.46,1,2.565,0
txn_01555,95.47,1,0.769,0
txn_01556,107.35,1,4.727,0
txn_01557,118.27,1,0.271,0
txn_01558,83.94,1,0.393,0
txn_01559,129.85,3,1.359,0
txn_01560,94.58,1,0.171,0
txn_01561,99.57,2,0.436,0
txn_01562,85.06,1,5.756,0
txn_01563,51.52,1,7.501,0
txn_01564,117.68,1,0.944,0
txn_01565,114.74,1,5.135,0
txn_01566,94.37,1,1.574,0
txn_01567,101.34,1,0.629,0
txn_01568,110.32,1,2.424,0
txn_01569,68.75,2,2.151,0
txn_01570,89.42,1,9.043,0
txn_01571,115.89,1,0.616,0
txn_01572,74.91,1,2.23,0
txn_01573,105.87,1,0.107,0
txn_01574,72.87,1,0.241,0
txn_01575,109.33,1,0.008,0
txn_01576,99.29,2,15.05,0
txn_01577,67.7,1,3.242,0
txn_01578,123.29,1,3.09,0
txn_01579,85.31,1,1.426,0
txn_01580,83.79,2,0.714,0
txn_01581,104.01,1,0.328,0
txn_01582,122.97,1,0.67,0
txn_01583,79.68,1,0.943,0
txn_01584,101.23,1,2.824,0
txn_01585,108.58,1,1.552,0
txn_01586,113.86,1,0.161,0
txn_01587,103.53,1,0.036,0
txn_01588,92.66,1,0.216,0
txn_01589,83.45,1,1.057,0
txn_01590,101.72,1,5.412,0
txn_01591,78.56,1,2.029,0
txn_01592,41.57,1,3.237,0
txn_01593,108.73,1,1.256,0
txn_01594,118.08,1,0.898,0
txn_01595,52.74,1,0.229,0
txn_01596,79.81,2,4.174,0
txn_01597,112.38,2,3.057,0
txn_01598,141.15,1,0.368,0
txn_01599,100.42,1,1.436,0
txn_01600,85.44,1,1.336,0
txn_01601,96.34,1,1.962,0
txn_01602,127.5,1,5.844,0
txn_01603,87.08,1,1.734,0
txn_01604,84.02,1,1.554,0
txn_01605,90.35,1,0.103,0
txn_01606,80.93,1,0.13,0
txn_01607,102.45,1,0.415,0
txn_01608,132.49,1,0.066,0
txn_01609,106.46,1,2.72,0
txn_01610,94.95,2,2.57,0
txn_01611,94.16,3,0.292,0
txn_01612,68.74,1,3.617,0
txn_01613,117.66,1,0.336,0
txn_01614,98.44,1,0.717,0
txn_01615,96.39,1,0.573,0
txn_01616,163.86,1,0.931,0
txn_01617,105.98,1,0.588,0
txn_01618,84.96,1,1.343,0
txn_01619,91.47,1,1.046,0
txn_01620,122.97,1,8.62,0
txn_01621,102.27,1,0.115,0
txn_01622,71.23,1,0.307,0
txn_01623,118.38,1,0.109,0
txn_01624,86.64,3,1.966,0
txn_01625,137.47,1,0.112,0
txn_01626,121.6,1,3.621,0
txn_01627,91.05,2,1.435,0
txn_01628,125.62,3,1.497,0
txn_01629,101.36,1,1.649,0
txn_01630,117.06,2,0.375,0
txn_01631,109.69,1,0.441,0
txn_01632,83.07,1,0.768,0
txn_01633,87.13,1,1.8,0
txn_01634,120.6,1,0.472,0
txn_01635,93.3,1,0.247,0
txn_01636,91.93,1,7.021,0
txn_01637,80.9,1,0.044,0
txn_01638,108.47,1,3.246,0
txn_01639,141.25,1,3.103,0
txn_01640,78.65,1,0.705,0
txn_01641,100.48,1,0.292,0
txn_01642,128.24,1,0.315,0
txn_01643,98.41,1,2.391,0
txn_01644,109.05,2,2.059,0
txn_01645,78.75,1,3.053,0
txn_01646,108.57,1,5.545,0
txn_01647,96.26,1,2.355,0
txn_01648,119.71,1,0.339,0
txn_01649,123.75,1,0.558,0
txn_01650,151.79,1,3.693,0
txn_01651,111.59,1,0.47,0
txn_01652,106.52,1,0.151,0
txn_01653,103.89,2,2.43,0
txn_01654,92.94,1,1.03,0
txn_01655,106.77,1,5.052,0
txn_01656,94.09,3,2.101,0
txn_01657,103.37,1,0.19,0
txn_01658,126.35,1,5.908,0
txn_01659,79.87,1,0.598,0
txn_01660,122.8,1,0.823,0
txn_01661,126.34,1,1.029,0
txn_01662,97.64,1,0.105,0
txn_01663,57.56,1,1.372,0
txn_01664,87.84,1,0.263,0
txn_01665,125.94,1,1.025,0
txn_01666,99.54,1,0.864,0
txn_01667,80.01,1,2.964,0
txn_01668,89.9,2,3.251,0
txn_01669,116.81,1,0.333,0
txn_01670,110.93,1,0.913,0
txn_01671,95.22,1,0.935,0
txn_01672,92.66,1,0.328,0
txn_01673,92.16,1,3.203,0
txn_01674,81.55,1,2.457,0
txn_01675,132.31,2,0.422,0
txn_01676,93.55,2,0.914,0
txn_01677,124.34,1,0.224,0
txn_01678,130.43,1,1.979,0
txn_01679,119.97,1,0.259,0
txn_01680,91.37,1,8.528,0
txn_01681,108.07,1,3.034,0
txn_01682,99.52,1,0.989,0
txn_01683,81.93,1,1.728,0
txn_01684,106.49,1,4.846,0
txn_01685,76.42,1,1.615,0
txn_01686,123.75,2,0.384,0
txn_01687,90.71,1,0.952,0
txn_01688,104.02,1,3.705,0
txn_01689,105.67,1,2.067,0
txn_01690,94.82,1,2.104,0
txn_01691,111.73,1,4.032,0
txn_01692,90.5,1,4.488,0
txn_01693,117.43,1,5.046,0
txn_01694,73.08,1,0.199,0
txn_01695,102.53,1,1.571,0
txn_01696,138.78,1,2.698,0
txn_01697,79.99,1,2.829,0
txn_01698,86.45,2,1.866,0
txn_01699,110.28,1,0.365,0
txn_01700,103.59,1,3.193,0
txn_01701,107.01,1,2.547,0
txn_01702,109.78,3,0.18,0
txn_01703,112.69,1,1.247,0
txn_01704,122.19,1,0.382,0
txn_01705,108.2,1,0.823,0
txn_01706,95.17,1,0.036,0
txn_01707,113.45,1,1.023,0
txn_01708,138.0,1,1.596,0
txn_01709,97.35,3,1.933,0
txn_01710,80.51,1,2.178,0
txn_01711,122.14,1,3.619,0
txn_01712,97.59,1,0.485,0
txn_01713,56.55,1,0.257,0
txn_01714,116.95,2,3.815,0
txn_01715,89.29,1,0.341,0
txn_01716,98.19,1,7.359,0
txn_01717,106.64,1,3.697,0
txn_01718,103.81,1,1.39,0
txn_01719,114.19,1,7.971,0
txn_01720,91.29,1,0.205,0
txn_01721,110.26,2,0.722,0
txn_01722,94.81,2,2.033,0
txn_01723,114.78,1,0.862,0
txn_01724,112.31,3,5.273,0
txn_01725,81.29,1,0.136,0
txn_01726,121.72,1,1.594,0
txn_01727,89.28,1,1.787,0
txn_01728,116.16,1,2.115,0
txn_01729,107.35,1,0.591,0
txn_01730,136.76,1,0.907,0
txn_01731,95.53,1,3.712,0
txn_01732,93.01,1,0.434,0
txn_01733,99.61,1,3.507,0
txn_01734,93.94,1,1.654,0
txn_01735,116.0,1,2.873,0
txn_01736,67.67,1,2.501,0
txn_01737,78.93,1,0.465,0
txn_01738,78.64,1,1.682,0
txn_01739,119.01,2,4.046,0
txn_01740,134.21,1,1.132,0
txn_01741,97.91,1,6.798,0
txn_01742,96.62,2,1.204,0
txn_01743,101.4,1,0.308,0
txn_01744,123.24,1,0.987,0
txn_01745,81.45,1,6.061,0
txn_01746,104.77,2,0.771,0
txn_01747,119.5,1,4.051,0
txn_01748,110.02,1,4.261,0
txn_01749,103.79,1,0.862,0
txn_01750,120.02,1,0.174,0
txn_01751,45.94,1,2.579,0
txn_01752,113.56,1,0.747,0
txn_01753,86.92,1,3.055,0
txn_01754,63.39,2,1.169,0
txn_01755,110.22,1,1.328,0
txn_01756,127.47,1,3.009,0
txn_01757,97.25,2,0.964,0
txn_01758,119.06,1,1.171,0
txn_01759,132.25,1,0.944,0
txn_01760,126.3,1,0.916,0
txn_01761,132.8,2,1.493,0
txn_01762,114.84,1,3.309,0
txn_01763,101.51,1,0.898,0
txn_01764,67.96,2,1.486,0
txn_01765,95.08,1,2.222,0
txn_01766,83.14,2,0.628,0
txn_01767,143.42,3,0.65,0
txn_01768,96.48,1,5.418,0
txn_01769,102.46,1,2.571,0
txn_01770,111.03,1,1.722,0
txn_01771,100.87,1,2.087,0
txn_01772,133.9,1,0.059,0
txn_01773,87.55,1,1.925,0
txn_01774,103.89,2,1.425,0
txn_01775,85.15,1,1.578,0
txn_01776,73.6,1,0.891,0
txn_01777,87.76,2,0.17,0
txn_01778,99.26,3,0.43,0
txn_01779,91.41,1,6.021,0
txn_01780,86.15,3,1.051,0
txn_01781,71.87,1,1.257,0
txn_01782,98.34,2,0.108,0
txn_01783,69.91,1,0.077,0
txn_01784,115.2,1,2.526,0
txn_01785,101.65,1,1.545,0
txn_01786,70.85,1,1.421,0
txn_01787,93.82,1,0.557,0
txn_01788,84.96,1,2.731,0
txn_01789,106.38,1,0.368,0
txn_01790,126.81,2,0.421,0
txn_01791,62.5,1,1.235,0
txn_01792,102.3,1,0.675,0
txn_01793,96.8,1,0.569,0
txn_01794,113.43,1,2.073,0
txn_01795,104.26,2,2.105,0
txn_01796,84.96,2,3.48,0
txn_01797,93.62,1,1.082,0
txn_01798,84.08,1,0.152,0
txn_01799,121.52,1,0.639,0
txn_01800,100.43,1,7.825,0
txn_01801,138.02,2,1.814,0
txn_01802,98.79,1,2.474,0
txn_01803,85.83,1,0.015,0
txn_01804,69.73,1,1.46,0
txn_01805,63.94,1,0.077,0
txn_01806,68.32,3,1.684,0
txn_01807,105.34,1,5.071,0
txn_01808,110.17,1,6.91,0
txn_01809,68.38,1,1.555,0
txn_01810,117.9,1,1.226,0
txn_01811,90.34,1,5.801,0
txn_01812,102.94,1,2.239,0
txn_01813,132.24,1,0.134,0
txn_01814,117.94,1,1.254,0
txn_01815,94.63,1,0.55,0
txn_01816,82.18,1,1.269,0
txn_01817,56.96,1,1.216,0
txn_01818,85.62,1,1.745,0
txn_01819,95.78,1,0.883,0
txn_01820,80.26,1,0.359,0
txn_01821,97.37,1,1.401,0
txn_01822,101.54,1,3.546,0
txn_01823,95.5,1,2.181,0
txn_01824,87.0,1,0.826,0
txn_01825,103.37,1,5.483,0
txn_01826,108.84,1,4.866,0
txn_01827,78.19,1,0.47,0
txn_01828,128.22,1,0.08,0
txn_01829,98.03,1,2.704,0
txn_01830,100.38,2,3.516,0
txn_01831,114.16,1,6.876,0
txn_01832,104.66,1,4.412,0
txn_01833,119.06,1,1.835,0
txn_01834,105.74,1,1.51,0
txn_01835,87.75,1,0.056,0
txn_01836,107.23,1,0.566,0
txn_01837,77.13,2,1.231,0
txn_01838,102.17,1,1.98,0
txn_01839,99.34,3,1.63,0
txn_01840,95.84,1,2.715,0
txn_01841,97.43,1,0.656,0
txn_01842,62.36,1,1.665,0
txn_01843,89.03,1,0.185,0
txn_01844,101.86,1,1.068,0
txn_01845,103.2,1,2.774,0
txn_01846,79.45,1,2.364,0
txn_01847,125.31,2,9.343,0
txn_01848,82.68,2,0.651,0
txn_01849,119.39,1,1.379,0
txn_01850,108.54,1,0.8,0
txn_01851,87.08,1,1.162,0
txn_01852,135.51,1,3.889,0
txn_01853,76.13,1,2.305,0
txn_01854,118.38,1,4.282,0
txn_01855,120.01,1,0.455,0
txn_01856,86.59,1,4.133,0
txn_01857,127.85,3,0.123,0
txn_01858,95.0,1,4.389,0
txn_01859,105.77,2,0.798,0
txn_01860,105.21,1,0.755,0
txn_01861,97.31,1,1.435,0
txn_01862,116.22,1,5.65,0
txn_01863,115.87,1,0.098,0
txn_01864,65.03,1,0.868,0
txn_01865,126.09,1,3.884,0
txn_01866,66.75,1,1.009,0
txn_01867,120.65,1,0.444,0
txn_01868,122.53,1,1.106,0
txn_01869,78.18,1,0.974,0
txn_01870,91.78,1,4.94,0
txn_01871,77.89,1,2.87,0
txn_01872,95.7,1,1.407,0
txn_01873,93.84,1,8.908,0
txn_01874,115.59,3,1.252,0
txn_01875,126.21,1,0.12,0
txn_01876,127.91,1,0.608,0
txn_01877,88.76,1,1.146,0
txn_01878,95.82,1,0.341,0
txn_01879,66.33,1,5.896,0
txn_01880,83.88,1,2.912,0
txn_01881,119.3,1,0.625,0
txn_01882,132.31,1,1.787,0
txn_01883,75.31,1,2.556,0
txn_01884,88.15,1,5.67,0
txn_01885,99.47,1,4.268,0
txn_01886,105.6,2,1.448,0
txn_01887,83.81,1,2.98,0
txn_01888,108.48,1,1.652,0
txn_01889,90.52,1,1.609,0
txn_01890,99.71,1,0.244,0
txn_01891,110.93,3,0.27,0
txn_01892,100.13,1,1.508,0
txn_01893,91.27,2,0.626,0
txn_01894,97.81,2,0.043,0
txn_01895,98.23,1,2.566,0
txn_01896,92.6,1,0.066,0
txn_01897,94.82,1,1.809,0
txn_01898,131.97,3,1.55,0
txn_01899,111.22,1,6.936,0
txn_01900,94.09,1,1.324,0
txn_01901,113.94,1,0.131,0
txn_01902,93.32,1,1.605,0
txn_01903,123.46,1,3.679,0
txn_01904,107.39,1,11.52,0
txn_01905,97.85,2,1.125,0
txn_01906,108.95,2,0.772,0
txn_01907,68.58,2,4.743,0
txn_01908,77.46,1,0.425,0
txn_01909,76.12,1,1.911,0
txn_01910,102.86,1,1.041,0
txn_01911,134.65,1,0.084,0
txn_01912,144.63,1,0.853,0
txn_01913,112.76,1,0.616,0
txn_01914,110.02,1,2.317,0
txn_01915,63.98,3,5.944,0
txn_01916,89.15,1,0.624,0
txn_01917,84.24,1,3.337,0
txn_01918,87.58,1,0.114,0
txn_01919,96.64,1,1.545,0
txn_01920,90.56,1,0.146,0
txn_01921,60.41,2,5.437,0
txn_01922,114.96,2,2.908,0
txn_01923,78.55,2,2.146,0
txn_01924,104.78,3,3.473,0
txn_01925,141.48,1,2.086,0
txn_01926,81.61,1,6.944,0
txn_01927,49.39,1,2.503,0
txn_01928,94.28,1,5.171,0
txn_01929,122.02,1,1.456,0
txn_01930,139.17,1,0.249,0
txn_01931,75.41,1,1.502,0
txn_01932,109.93,1,0.271,0
txn_01933,90.69,1,1.795,0
txn_01934,97.88,1,1.317,0
txn_01935,152.89,1,1.949,0
txn_01936,69.94,1,0.02,0
txn_01937,105.07,1,0.433,0
txn_01938,109.35,1,1.352,0
txn_01939,121.72,1,6.012,0
txn_01940,101.96,1,0.968,0
txn_01941,106.16,1,1.105,0
txn_01942,92.17,1,2.508,0
txn_01943,105.38,1,1.852,0
txn_01944,93.14,1,0.71,0
txn_01945,112.43,1,1.058,0
txn_01946,92.61,1,0.491,0
txn_01947,107.54,1,6.764,0
txn_01948,99.41,1,0.28,0
txn_01949,122.52,1,0.93,0
txn_01950,98.97,1,0.052,0
txn_01951,4645.39,1,0.501,1
txn_01952,5252.38,1,3.033,1
txn_01953,4818.85,1,0.449,1
txn_01954,4869.25,1,0.167,1
txn_01955,4880.87,1,1.287,1
txn_01956,5274.89,1,0.02,1
txn_01957,4572.87,1,0.177,1
txn_01958,5627.55,1,3.297,1
txn_01959,5211.21,1,2.952,1
txn_01960,5044.65,1,4.933,1
txn_01961,4989.02,1,3.855,1
txn_01962,5057.11,2,2.299,1
txn_01963,5104.22,1,0.108,1
txn_01964,5129.04,1,3.054,1
txn_01965,5111.12,1,3.735,1
txn_01966,5017.92,1,3.21,1
txn_01967,4960.53,1,1.421,1
txn_01968,4969.75,1,0.53,1
txn_01969,4961.02,1,3.733,1
txn_01970,5226.75,2,2.598,1
txn_01971,5118.71,1,7.902,1
txn_01972,4411.92,1,0.338,1
txn_01973,5131.18,2,0.512,1
txn_01974,5038.95,1,0.476,1
txn_01975,4996.26,2,3.146,1
txn_01976,4922.3,1,0.414,1
txn_01977,5224.82,2,0.138,1
txn_01978,5189.51,1,13.087,1
txn_01979,4845.42,1,0.05,1
txn_01980,5081.41,2,3.607,1
txn_01981,4805.67,1,0.909,1
txn_01982,4724.08,1,3.685,1
txn_01983,4874.66,1,1.618,1
txn_01984,5172.48,1,4.638,1
txn_01985,5190.63,1,5.213,1
txn_01986,5102.62,1,0.018,1
txn_01987,5145.02,1,0.157,1
txn_01988,5103.24,1,0.576,1
txn_01989,4871.7,1,2.213,1
txn_01990,5086.38,1,4.383,1
txn_01991,5160.08,1,1.232,1
txn_01992,5150.86,1,1.868,1
txn_01993,5237.78,1,0.418,1
txn_01994,5141.66,1,3.269,1
txn_01995,5070.29,1,6.842,1
txn_01996,5214.03,1,0.626,1
txn_01997,4994.7,1,1.366,1
txn_01998,4823.63,2,0.18,1
txn_01999,4967.39,1,1.638,1
txn_02000,4851.02,1,1.397,1
