timestamp,sensor1,sensor2,is_anomaly
2025-01-01 00:00:00,-0.0368,0.8018,0
2025-01-01 00:01:00,-0.1737,0.8499,0
2025-01-01 00:02:00,0.1592,1.089,0
2025-01-01 00:03:00,-0.2584,1.1105,0
2025-01-01 00:04:00,0.1897,0.9452,0
2025-01-01 00:05:00,0.2622,1.0628,0
2025-01-01 00:06:00,0.4682,1.1311,0
2025-01-01 00:07:00,0.5534,1.168,0
2025-01-01 00:08:00,0.3063,0.9613,0
2025-01-01 00:09:00,0.4242,0.7521,0
2025-01-01 00:10:00,0.3472,0.896,0
2025-01-01 00:11:00,0.3194,0.9309,0
2025-01-01 00:12:00,0.6502,0.9426,0
2025-01-01 00:13:00,0.375,0.9443,0
2025-01-01 00:14:00,0.5867,1.0691,0
2025-01-01 00:15:00,0.5085,1.0784,0
2025-01-01 00:16:00,0.8535,0.9271,0
2025-01-01 00:17:00,1.1379,1.047,0
2025-01-01 00:18:00,0.5492,0.9654,0
2025-01-01 00:19:00,0.4685,0.9282,0
2025-01-01 00:20:00,0.8415,1.0041,0
2025-01-01 00:21:00,0.8946,0.9119,0
2025-01-01 00:22:00,0.9577,1.1013,0
2025-01-01 00:23:00,0.8447,0.7422,0
2025-01-01 00:24:00,0.9113,0.8246,0
2025-01-01 00:25:00,1.0397,0.8532,0
2025-01-01 00:26:00,1.1865,0.8991,0
2025-01-01 00:27:00,0.5969,0.9709,0
2025-01-01 00:28:00,0.9209,0.8302,0
2025-01-01 00:29:00,1.0415,0.6786,0
2025-01-01 00:30:00,0.8164,0.893,0
2025-01-01 00:31:00,1.3448,0.8717,0
2025-01-01 00:32:00,0.8673,0.5892,0
2025-01-01 00:33:00,0.9792,0.7698,0
2025-01-01 00:34:00,1.089,0.5976,0
2025-01-01 00:35:00,0.8473,0.6763,0
2025-01-01 00:36:00,0.5813,0.6383,0
2025-01-01 00:37:00,0.8473,0.7949,0
2025-01-01 00:38:00,1.1188,0.7109,0
2025-01-01 00:39:00,0.8229,0.5555,0
2025-01-01 00:40:00,0.6959,0.7566,0
2025-01-01 00:41:00,1.0228,0.5095,0
2025-01-01 00:42:00,0.7418,0.6699,0
2025-01-01 00:43:00,0.6739,0.5392,0
2025-01-01 00:44:00,0.7717,0.5674,0
2025-01-01 00:45:00,0.8599,0.6376,0
2025-01-01 00:46:00,1.144,0.6222,0
2025-01-01 00:47:00,0.7932,0.6864,0
2025-01-01 00:48:00,0.8181,0.5269,0
2025-01-01 00:49:00,0.4416,0.5479,0
2025-01-01 00:50:00,0.2929,0.4555,0
2025-01-01 00:51:00,0.4645,0.4992,0
2025-01-01 00:52:00,0.4261,0.5064,0
2025-01-01 00:53:00,0.1405,0.434,0
2025-01-01 00:54:00,0.2717,0.2446,0
2025-01-01 00:55:00,0.3364,0.439,0
2025-01-01 00:56:00,0.2776,0.4231,0
2025-01-01 00:57:00,0.2548,0.2992,0
2025-01-01 00:58:00,0.1602,0.2192,0
2025-01-01 00:59:00,-0.0516,0.4755,0
2025-01-01 01:00:00,-0.1054,0.3572,0
2025-01-01 01:01:00,-0.2948,0.2651,0
2025-01-01 01:02:00,0.2497,0.1542,0
2025-01-01 01:03:00,-0.1565,0.1654,0
2025-01-01 01:04:00,-0.2556,0.3575,0
2025-01-01 01:05:00,-0.4473,0.2206,0
2025-01-01 01:06:00,0.2754,0.1312,0
2025-01-01 01:07:00,-0.5758,0.2166,0
2025-01-01 01:08:00,-0.4952,0.0635,0
2025-01-01 01:09:00,-0.3735,0.2742,0
2025-01-01 01:10:00,-0.3826,0.2386,0
2025-01-01 01:11:00,-0.3557,0.0358,0
2025-01-01 01:12:00,-0.2288,-0.0013,0
2025-01-01 01:13:00,-0.5306,-0.2212,0
2025-01-01 01:14:00,-0.8827,-0.1285,0
2025-01-01 01:15:00,-0.7608,-0.1353,0
2025-01-01 01:16:00,-0.6838,-0.0088,0
2025-01-01 01:17:00,-0.3656,-0.0758,0
2025-01-01 01:18:00,-1.0906,-0.1987,0
2025-01-01 01:19:00,-0.6,-0.1132,0
2025-01-01 01:20:00,-0.8318,-0.0554,0
2025-01-01 01:21:00,-0.725,-0.074,0
2025-01-01 01:22:00,-0.9354,-0.3375,0
2025-01-01 01:23:00,-1.1034,-0.181,0
2025-01-01 01:24:00,-0.802,-0.3272,0
2025-01-01 01:25:00,-0.836,-0.1192,0
2025-01-01 01:26:00,-0.7845,-0.1514,0
2025-01-01 01:27:00,-0.9909,-0.34,0
2025-01-01 01:28:00,-1.1149,-0.347,0
2025-01-01 01:29:00,-1.3106,-0.3366,0
2025-01-01 01:30:00,-0.8361,-0.5358,0
2025-01-01 01:31:00,-0.9136,-0.2968,0
2025-01-01 01:32:00,-1.1873,-0.3774,0
2025-01-01 01:33:00,-1.0948,-0.2726,0
2025-01-01 01:34:00,-1.0706,-0.4989,0
2025-01-01 01:35:00,-1.2614,-0.4702,0
2025-01-01 01:36:00,-1.1133,-0.5779,0
2025-01-01 01:37:00,-1.1588,-0.5466,0
2025-01-01 01:38:00,-0.9943,-0.583,0
2025-01-01 01:39:00,-1.0368,-0.3837,0
2025-01-01 01:40:00,-1.1892,-0.5713,0
2025-01-01 01:41:00,-0.4317,-0.5071,0
2025-01-01 01:42:00,-0.5559,-0.5754,0
2025-01-01 01:43:00,-0.9301,-0.6818,0
2025-01-01 01:44:00,-0.6856,-0.589,0
2025-01-01 01:45:00,-0.6204,-0.5294,0
2025-01-01 01:46:00,-0.4275,-0.7268,0
2025-01-01 01:47:00,-0.7894,-0.5417,0
2025-01-01 01:48:00,-0.3655,-0.7238,0
2025-01-01 01:49:00,-0.6502,-0.7032,0
2025-01-01 01:50:00,-0.763,-0.6175,0
2025-01-01 01:51:00,-0.3048,-0.7523,0
2025-01-01 01:52:00,-0.1441,-0.6973,0
2025-01-01 01:53:00,0.1638,-0.7473,0
2025-01-01 01:54:00,-0.5442,-0.7174,0
2025-01-01 01:55:00,-0.1142,-0.9826,0
2025-01-01 01:56:00,-0.2849,-0.9413,0
2025-01-01 01:57:00,0.0053,-0.7102,0
2025-01-01 01:58:00,-0.3935,-0.6813,0
2025-01-01 01:59:00,-0.2997,-0.8888,0
2025-01-01 02:00:00,-0.1499,-0.8347,0
2025-01-01 02:01:00,0.0734,-0.7929,0
2025-01-01 02:02:00,-0.0184,-0.7648,0
2025-01-01 02:03:00,0.2935,-1.0482,0
2025-01-01 02:04:00,0.4186,-0.9451,0
2025-01-01 02:05:00,0.384,-0.9004,0
2025-01-01 02:06:00,0.638,-0.8071,0
2025-01-01 02:07:00,0.4467,-0.6374,0
2025-01-01 02:08:00,0.1685,-0.9195,0
2025-01-01 02:09:00,0.7317,-1.0465,0
2025-01-01 02:10:00,0.3839,-0.8742,0
2025-01-01 02:11:00,0.7315,-0.7906,0
2025-01-01 02:12:00,0.9072,-0.9198,0
2025-01-01 02:13:00,0.7252,-1.0288,0
2025-01-01 02:14:00,0.3742,-0.8493,0
2025-01-01 02:15:00,0.5276,-0.8854,0
2025-01-01 02:16:00,1.0117,-1.0606,0
2025-01-01 02:17:00,0.7471,-0.9257,0
2025-01-01 02:18:00,0.8285,-0.8695,0
2025-01-01 02:19:00,0.9937,-0.8559,0
2025-01-01 02:20:00,1.0083,-0.9853,0
2025-01-01 02:21:00,0.9495,-1.0186,0
2025-01-01 02:22:00,0.8743,-0.8637,0
2025-01-01 02:23:00,0.8733,-1.1107,0
2025-01-01 02:24:00,1.1246,-0.9486,0
2025-01-01 02:25:00,1.0783,-1.1318,0
2025-01-01 02:26:00,0.928,-0.8902,0
2025-01-01 02:27:00,1.2051,-1.024,0
2025-01-01 02:28:00,0.9694,-0.8724,0
2025-01-01 02:29:00,0.8286,-0.9507,0
2025-01-01 02:30:00,0.8482,-1.1223,0
2025-01-01 02:31:00,0.8025,-0.8573,0
2025-01-01 02:32:00,0.9393,-0.8439,0
2025-01-01 02:33:00,1.2334,-0.9096,0
2025-01-01 02:34:00,0.8157,-1.0724,0
2025-01-01 02:35:00,1.0018,-1.0248,0
2025-01-01 02:36:00,0.8176,-0.9772,0
2025-01-01 02:37:00,0.879,-1.0592,0
2025-01-01 02:38:00,0.6087,-0.8163,0
2025-01-01 02:39:00,0.8437,-0.9673,0
2025-01-01 02:40:00,0.8238,-1.2479,0
2025-01-01 02:41:00,0.9429,-0.939,0
2025-01-01 02:42:00,0.8495,-1.0027,0
2025-01-01 02:43:00,0.533,-0.9699,0
2025-01-01 02:44:00,0.9552,-0.9933,0
2025-01-01 02:45:00,0.7441,-0.8695,0
2025-01-01 02:46:00,0.7034,-0.8315,0
2025-01-01 02:47:00,0.6218,-0.908,0
2025-01-01 02:48:00,0.4783,-0.9626,0
2025-01-01 02:49:00,0.582,-0.9248,0
2025-01-01 02:50:00,0.5887,-0.9104,0
2025-01-01 02:51:00,0.0979,-0.9838,0
2025-01-01 02:52:00,0.2921,-0.8365,0
2025-01-01 02:53:00,0.3003,-0.8388,0
2025-01-01 02:54:00,0.353,-0.7208,0
2025-01-01 02:55:00,0.4901,-0.739,0
2025-01-01 02:56:00,0.046,-0.9223,0
2025-01-01 02:57:00,0.0492,-0.7606,0
2025-01-01 02:58:00,-0.0057,-0.9263,0
2025-01-01 02:59:00,-0.1158,-0.7498,0
2025-01-01 03:00:00,-0.0773,-0.8588,0
2025-01-01 03:01:00,0.0939,-0.8969,0
2025-01-01 03:02:00,-0.3232,-0.7537,0
2025-01-01 03:03:00,-0.0788,-1.0359,0
2025-01-01 03:04:00,-0.5561,-0.93,0
2025-01-01 03:05:00,-0.3789,-0.7587,0
2025-01-01 03:06:00,-0.3826,-0.7185,0
2025-01-01 03:07:00,-0.031,-0.7491,0
2025-01-01 03:08:00,-0.4692,-0.8553,0
2025-01-01 03:09:00,-0.9016,-0.7639,0
2025-01-01 03:10:00,-0.9069,-0.6275,0
2025-01-01 03:11:00,-0.5448,-0.5927,0
2025-01-01 03:12:00,-0.4718,-0.6365,0
2025-01-01 03:13:00,-0.5608,-0.5028,0
2025-01-01 03:14:00,-0.6419,-0.5622,0
2025-01-01 03:15:00,-0.4807,-0.6598,0
2025-01-01 03:16:00,-0.8568,-0.5959,0
2025-01-01 03:17:00,-0.6035,-0.6908,0
2025-01-01 03:18:00,-1.1405,-0.5437,0
2025-01-01 03:19:00,-1.0244,-0.4038,0
2025-01-01 03:20:00,3.3342,-3.992,1
2025-01-01 03:21:00,3.9433,-4.157,1
2025-01-01 03:22:00,3.3073,-5.351,1
2025-01-01 03:23:00,3.5218,-4.486,1
2025-01-01 03:24:00,4.5448,-5.0544,1
2025-01-01 03:25:00,-1.1537,-0.2563,0
2025-01-01 03:26:00,-1.018,-0.3864,0
2025-01-01 03:27:00,-1.2886,-0.294,0
2025-01-01 03:28:00,-0.7228,-0.1977,0
2025-01-01 03:29:00,-1.0598,-0.3448,0
2025-01-01 03:30:00,-1.0977,-0.2837,0
2025-01-01 03:31:00,-0.6803,-0.1566,0
2025-01-01 03:32:00,-1.242,-0.2787,0
2025-01-01 03:33:00,-1.2113,-0.3772,0
2025-01-01 03:34:00,-1.1954,-0.0104,0
2025-01-01 03:35:00,-0.977,-0.2512,0
2025-01-01 03:36:00,-0.8618,-0.1678,0
2025-01-01 03:37:00,-0.7822,-0.0474,0
2025-01-01 03:38:00,-0.3952,-0.2032,0
2025-01-01 03:39:00,-1.3365,-0.2223,0
2025-01-01 03:40:00,-0.7394,-0.0753,0
2025-01-01 03:41:00,-0.9448,-0.2591,0
2025-01-01 03:42:00,-0.9206,-0.0877,0
2025-01-01 03:43:00,-0.8949,-0.0135,0
2025-01-01 03:44:00,-0.9183,-0.044,0
2025-01-01 03:45:00,-0.3632,-0.1504,0
2025-01-01 03:46:00,-0.4933,0.1843,0
2025-01-01 03:47:00,-0.6169,0.0562,0
2025-01-01 03:48:00,-0.3095,0.2099,0
2025-01-01 03:49:00,-0.8387,0.0617,0
2025-01-01 03:50:00,-0.7574,0.0205,0
2025-01-01 03:51:00,-0.8806,0.1563,0
2025-01-01 03:52:00,-0.5373,0.1285,0
2025-01-01 03:53:00,-0.3165,0.053,0
2025-01-01 03:54:00,-0.2787,0.3384,0
2025-01-01 03:55:00,-0.219,0.1497,0
2025-01-01 03:56:00,-0.48,0.0483,0
2025-01-01 03:57:00,0.0144,0.3855,0
2025-01-01 03:58:00,-0.0463,0.2225,0
2025-01-01 03:59:00,0.1047,0.2322,0
2025-01-01 04:00:00,-0.3681,0.1365,0
2025-01-01 04:01:00,0.1251,0.5069,0
2025-01-01 04:02:00,-0.1225,0.2236,0
2025-01-01 04:03:00,0.0874,0.3779,0
2025-01-01 04:04:00,0.3252,0.4827,0
2025-01-01 04:05:00,0.2874,0.4528,0
2025-01-01 04:06:00,0.1489,0.4237,0
2025-01-01 04:07:00,0.3697,0.2783,0
2025-01-01 04:08:00,0.1103,0.3862,0
2025-01-01 04:09:00,0.6937,0.5043,0
2025-01-01 04:10:00,0.4684,0.4251,0
2025-01-01 04:11:00,0.7775,0.5421,0
2025-01-01 04:12:00,0.4913,0.6077,0
2025-01-01 04:13:00,0.5332,0.6533,0
2025-01-01 04:14:00,0.5245,0.4517,0
2025-01-01 04:15:00,0.8902,0.811,0
2025-01-01 04:16:00,0.6087,0.6849,0
2025-01-01 04:17:00,0.9131,0.6245,0
2025-01-01 04:18:00,0.7391,0.7498,0
2025-01-01 04:19:00,0.4496,0.8934,0
2025-01-01 04:20:00,0.7576,0.5286,0
2025-01-01 04:21:00,0.6603,0.6653,0
2025-01-01 04:22:00,0.9249,0.4651,0
2025-01-01 04:23:00,0.6996,0.7369,0
2025-01-01 04:24:00,1.1398,0.7687,0
2025-01-01 04:25:00,0.9506,0.7423,0
2025-01-01 04:26:00,0.945,0.6946,0
2025-01-01 04:27:00,1.1206,0.5685,0
2025-01-01 04:28:00,1.1885,0.8239,0
2025-01-01 04:29:00,0.9952,0.9449,0
2025-01-01 04:30:00,0.8457,0.7527,0
2025-01-01 04:31:00,0.6431,0.8678,0
2025-01-01 04:32:00,0.856,0.6787,0
2025-01-01 04:33:00,0.8623,0.8926,0
2025-01-01 04:34:00,0.997,0.8185,0
2025-01-01 04:35:00,0.8937,0.7922,0
2025-01-01 04:36:00,1.0848,0.8026,0
2025-01-01 04:37:00,0.8066,0.8491,0
2025-01-01 04:38:00,0.8971,0.9361,0
2025-01-01 04:39:00,1.1222,0.7757,0
2025-01-01 04:40:00,0.9282,0.8758,0
2025-01-01 04:41:00,0.8199,0.9196,0
2025-01-01 04:42:00,0.6813,0.8217,0
2025-01-01 04:43:00,0.6427,1.1187,0
2025-01-01 04:44:00,0.5647,0.8606,0
2025-01-01 04:45:00,0.5901,0.8856,0
2025-01-01 04:46:00,0.8109,0.8609,0
2025-01-01 04:47:00,0.5752,1.1443,0
2025-01-01 04:48:00,0.3076,1.0251,0
2025-01-01 04:49:00,0.8876,0.8811,0
2025-01-01 04:50:00,0.553,1.0898,0
2025-01-01 04:51:00,0.1612,1.0033,0
2025-01-01 04:52:00,0.3067,1.0126,0
2025-01-01 04:53:00,0.3686,0.9556,0
2025-01-01 04:54:00,0.6377,0.9178,0
2025-01-01 04:55:00,0.0247,1.0288,0
2025-01-01 04:56:00,0.3905,0.9424,0
2025-01-01 04:57:00,0.4235,1.18,0
2025-01-01 04:58:00,-0.0342,0.8724,0
2025-01-01 04:59:00,-0.0162,1.1535,0
2025-01-01 05:00:00,-0.2204,0.9889,0
2025-01-01 05:01:00,-0.1061,1.0296,0
2025-01-01 05:02:00,-0.125,1.0822,0
2025-01-01 05:03:00,-0.0376,0.9347,0
2025-01-01 05:04:00,-0.0028,1.0825,0
2025-01-01 05:05:00,-0.4213,0.7232,0
2025-01-01 05:06:00,-0.7152,0.9194,0
2025-01-01 05:07:00,-0.3751,0.8961,0
2025-01-01 05:08:00,-0.3603,0.8597,0
2025-01-01 05:09:00,-0.4161,0.9598,0
2025-01-01 05:10:00,-0.577,1.0156,0
2025-01-01 05:11:00,-0.531,1.0426,0
2025-01-01 05:12:00,-0.2957,0.9913,0
2025-01-01 05:13:00,-0.5635,0.8951,0
2025-01-01 05:14:00,-0.7539,0.9926,0
2025-01-01 05:15:00,-0.8168,0.9618,0
2025-01-01 05:16:00,-0.7863,1.0362,0
2025-01-01 05:17:00,-0.4584,1.013,0
2025-01-01 05:18:00,-0.8538,0.9308,0
2025-01-01 05:19:00,-0.8501,0.83,0
2025-01-01 05:20:00,-0.9694,0.846,0
2025-01-01 05:21:00,-0.6775,0.8474,0
2025-01-01 05:22:00,-0.5272,0.8617,0
2025-01-01 05:23:00,-0.8484,0.9104,0
2025-01-01 05:24:00,-0.9388,0.9451,0
2025-01-01 05:25:00,-0.9621,0.8581,0
2025-01-01 05:26:00,-1.4579,0.854,0
2025-01-01 05:27:00,-0.8408,0.8556,0
2025-01-01 05:28:00,-0.9691,0.7781,0
2025-01-01 05:29:00,-0.9136,0.7253,0
2025-01-01 05:30:00,-1.1422,0.6301,0
2025-01-01 05:31:00,-1.0747,0.7235,0
2025-01-01 05:32:00,-1.0751,0.8274,0
2025-01-01 05:33:00,-0.781,0.6965,0
2025-01-01 05:34:00,-1.0508,0.7294,0
2025-01-01 05:35:00,-0.5455,0.7859,0
2025-01-01 05:36:00,-0.8602,0.777,0
2025-01-01 05:37:00,-1.1833,0.6024,0
2025-01-01 05:38:00,-0.9332,0.7951,0
2025-01-01 05:39:00,-1.0145,0.793,0
2025-01-01 05:40:00,-1.2974,0.5517,0
2025-01-01 05:41:00,-0.5106,0.5665,0
2025-01-01 05:42:00,-0.6595,0.7519,0
2025-01-01 05:43:00,-0.661,0.6018,0
2025-01-01 05:44:00,-0.6999,0.3778,0
2025-01-01 05:45:00,-0.9728,0.4429,0
2025-01-01 05:46:00,-0.7545,0.5408,0
2025-01-01 05:47:00,-0.4491,0.432,0
2025-01-01 05:48:00,-0.7857,0.4893,0
2025-01-01 05:49:00,-1.0381,0.516,0
2025-01-01 05:50:00,-0.5321,0.6409,0
2025-01-01 05:51:00,-0.4686,0.4473,0
2025-01-01 05:52:00,-0.3655,0.5651,0
2025-01-01 05:53:00,-0.1982,0.582,0
2025-01-01 05:54:00,-0.1668,0.5636,0
2025-01-01 05:55:00,-0.1921,0.4295,0
2025-01-01 05:56:00,0.0464,0.1854,0
2025-01-01 05:57:00,-0.4448,0.4084,0
2025-01-01 05:58:00,0.0119,0.4475,0
2025-01-01 05:59:00,0.0886,0.3148,0
2025-01-01 06:00:00,-0.2322,0.4775,0
2025-01-01 06:01:00,-0.2325,0.369,0
2025-01-01 06:02:00,-0.029,0.3197,0
2025-01-01 06:03:00,0.0398,0.3512,0
2025-01-01 06:04:00,0.3741,0.2555,0
2025-01-01 06:05:00,0.1513,-0.0476,0
2025-01-01 06:06:00,0.1529,0.1312,0
2025-01-01 06:07:00,0.251,0.2802,0
2025-01-01 06:08:00,0.6451,0.059,0
2025-01-01 06:09:00,0.4709,0.0966,0
2025-01-01 06:10:00,0.4781,-0.0064,0
2025-01-01 06:11:00,0.5362,0.2556,0
2025-01-01 06:12:00,0.8593,0.2245,0
2025-01-01 06:13:00,0.4921,-0.053,0
2025-01-01 06:14:00,0.9443,0.0291,0
2025-01-01 06:15:00,0.7607,-0.0746,0
2025-01-01 06:16:00,0.7219,0.034,0
2025-01-01 06:17:00,1.2876,0.0025,0
2025-01-01 06:18:00,0.6075,0.0118,0
2025-01-01 06:19:00,0.7768,-0.0571,0
2025-01-01 06:20:00,0.6277,0.1824,0
2025-01-01 06:21:00,1.0889,-0.2347,0
2025-01-01 06:22:00,1.258,-0.3237,0
2025-01-01 06:23:00,1.2734,-0.2127,0
2025-01-01 06:24:00,1.2009,-0.3508,0
2025-01-01 06:25:00,0.9306,-0.3637,0
2025-01-01 06:26:00,0.9085,-0.335,0
2025-01-01 06:27:00,0.656,-0.3475,0
2025-01-01 06:28:00,1.4033,-0.3709,0
2025-01-01 06:29:00,1.0932,-0.2437,0
2025-01-01 06:30:00,0.9015,-0.3661,0
2025-01-01 06:31:00,1.2632,-0.3533,0
2025-01-01 06:32:00,0.798,-0.2656,0
2025-01-01 06:33:00,1.0662,-0.4511,0
2025-01-01 06:34:00,0.9399,-0.4203,0
2025-01-01 06:35:00,1.0891,-0.3765,0
2025-01-01 06:36:00,0.9329,-0.6262,0
2025-01-01 06:37:00,0.637,-0.6893,0
2025-01-01 06:38:00,0.9215,-0.4348,0
2025-01-01 06:39:00,1.0927,-0.4386,0
2025-01-01 06:40:00,0.8513,-0.2996,0
2025-01-01 06:41:00,0.984,-0.5082,0
2025-01-01 06:42:00,0.5895,-0.4598,0
2025-01-01 06:43:00,0.7607,-0.5788,0
2025-01-01 06:44:00,0.6063,-0.5468,0
2025-01-01 06:45:00,0.8439,-0.4268,0
2025-01-01 06:46:00,0.6621,-0.8226,0
2025-01-01 06:47:00,0.7534,-0.5853,0
2025-01-01 06:48:00,0.7908,-0.4293,0
2025-01-01 06:49:00,0.6679,-0.6306,0
2025-01-01 06:50:00,0.539,-0.5094,0
2025-01-01 06:51:00,0.2383,-0.7527,0
2025-01-01 06:52:00,0.3897,-0.708,0
2025-01-01 06:53:00,0.2349,-0.7161,0
2025-01-01 06:54:00,0.223,-0.9557,0
2025-01-01 06:55:00,0.1664,-0.8648,0
2025-01-01 06:56:00,-0.0059,-0.8714,0
2025-01-01 06:57:00,-0.253,-0.6929,0
2025-01-01 06:58:00,-0.0473,-0.701,0
2025-01-01 06:59:00,0.0727,-0.7685,0
2025-01-01 07:00:00,-0.288,-0.7309,0
2025-01-01 07:01:00,-0.0675,-0.8417,0
2025-01-01 07:02:00,0.2572,-0.7168,0
2025-01-01 07:03:00,0.03,-0.8474,0
2025-01-01 07:04:00,0.1027,-0.8534,0
2025-01-01 07:05:00,-0.1985,-0.8963,0
2025-01-01 07:06:00,-0.0932,-0.8114,0
2025-01-01 07:07:00,-0.5205,-0.9318,0
2025-01-01 07:08:00,-0.5526,-0.8014,0
2025-01-01 07:09:00,-1.0184,-1.0212,0
2025-01-01 07:10:00,-0.2789,-1.0265,0
2025-01-01 07:11:00,-0.2523,-0.856,0
2025-01-01 07:12:00,-0.7136,-0.9414,0
2025-01-01 07:13:00,-0.6947,-0.9853,0
2025-01-01 07:14:00,-0.8339,-0.8578,0
2025-01-01 07:15:00,-0.6439,-1.0141,0
2025-01-01 07:16:00,-0.5308,-0.9795,0
2025-01-01 07:17:00,-1.1376,-0.8253,0
2025-01-01 07:18:00,-0.7382,-0.8165,0
2025-01-01 07:19:00,-0.9043,-0.8181,0
2025-01-01 07:20:00,-0.8528,-1.0079,0
2025-01-01 07:21:00,-0.8078,-0.8606,0
2025-01-01 07:22:00,-0.9589,-1.0821,0
2025-01-01 07:23:00,-0.9611,-1.0811,0
2025-01-01 07:24:00,-0.9996,-1.2281,0
2025-01-01 07:25:00,-0.7767,-0.828,0
2025-01-01 07:26:00,-0.8983,-1.0835,0
2025-01-01 07:27:00,-0.9464,-1.0111,0
2025-01-01 07:28:00,-1.2506,-1.0905,0
2025-01-01 07:29:00,-1.0752,-0.9304,0
2025-01-01 07:30:00,4.7682,-4.2957,1
2025-01-01 07:31:00,3.7183,-5.4975,1
2025-01-01 07:32:00,3.5968,-5.6542,1
2025-01-01 07:33:00,4.3838,-6.2173,1
2025-01-01 07:34:00,3.9138,-5.0949,1
2025-01-01 07:35:00,-0.942,-1.2043,0
2025-01-01 07:36:00,-1.0469,-1.1335,0
2025-01-01 07:37:00,-1.437,-0.9702,0
2025-01-01 07:38:00,-0.9389,-1.1811,0
2025-01-01 07:39:00,-0.9469,-1.1289,0
2025-01-01 07:40:00,-0.7777,-0.9767,0
2025-01-01 07:41:00,-0.8583,-1.0261,0
2025-01-01 07:42:00,-0.8611,-0.7673,0
2025-01-01 07:43:00,-1.1201,-0.7776,0
2025-01-01 07:44:00,-0.9174,-1.0417,0
2025-01-01 07:45:00,-0.5973,-0.8928,0
2025-01-01 07:46:00,-0.3107,-0.8667,0
2025-01-01 07:47:00,-0.6328,-0.9942,0
2025-01-01 07:48:00,-0.5056,-1.0763,0
2025-01-01 07:49:00,-0.3369,-0.9199,0
2025-01-01 07:50:00,-0.6443,-0.9275,0
2025-01-01 07:51:00,-0.3622,-0.9449,0
2025-01-01 07:52:00,-0.5359,-0.8478,0
2025-01-01 07:53:00,-0.166,-0.9574,0
2025-01-01 07:54:00,-0.259,-0.9875,0
2025-01-01 07:55:00,-0.179,-0.8509,0
2025-01-01 07:56:00,-0.3441,-0.8124,0
2025-01-01 07:57:00,0.0056,-0.9575,0
2025-01-01 07:58:00,0.3332,-0.7355,0
2025-01-01 07:59:00,-0.233,-0.9934,0
2025-01-01 08:00:00,-0.047,-0.8619,0
2025-01-01 08:01:00,0.1196,-0.8172,0
2025-01-01 08:02:00,0.2827,-0.8421,0
2025-01-01 08:03:00,0.0653,-0.8216,0
2025-01-01 08:04:00,-0.3381,-0.5643,0
2025-01-01 08:05:00,0.5511,-0.8225,0
2025-01-01 08:06:00,0.4812,-0.479,0
2025-01-01 08:07:00,0.0296,-0.6648,0
2025-01-01 08:08:00,0.3046,-0.6843,0
2025-01-01 08:09:00,0.7865,-0.6307,0
2025-01-01 08:10:00,0.808,-0.4098,0
2025-01-01 08:11:00,0.7502,-0.7463,0
2025-01-01 08:12:00,0.5698,-0.7428,0
2025-01-01 08:13:00,0.6625,-0.6899,0
2025-01-01 08:14:00,0.6588,-0.5945,0
2025-01-01 08:15:00,0.9479,-0.7533,0
2025-01-01 08:16:00,0.5823,-0.5613,0
2025-01-01 08:17:00,0.6295,-0.3768,0
2025-01-01 08:18:00,1.0237,-0.5133,0
2025-01-01 08:19:00,0.8415,-0.5398,0
2025-01-01 08:20:00,1.1524,-0.5542,0
2025-01-01 08:21:00,0.7664,-0.3842,0
2025-01-01 08:22:00,0.9113,-0.5381,0
2025-01-01 08:23:00,0.7567,-0.2521,0
2025-01-01 08:24:00,0.9591,-0.2245,0
2025-01-01 08:25:00,0.6757,-0.373,0
2025-01-01 08:26:00,0.885,-0.3805,0
2025-01-01 08:27:00,0.7037,-0.2568,0
2025-01-01 08:28:00,1.1354,-0.2308,0
2025-01-01 08:29:00,1.1429,-0.4011,0
2025-01-01 08:30:00,0.6537,-0.3532,0
2025-01-01 08:31:00,1.264,-0.4127,0
2025-01-01 08:32:00,1.4914,-0.2194,0
2025-01-01 08:33:00,0.9931,-0.1733,0
2025-01-01 08:34:00,0.845,-0.3546,0
2025-01-01 08:35:00,1.5247,-0.2446,0
2025-01-01 08:36:00,0.6801,-0.3132,0
2025-01-01 08:37:00,0.9293,-0.2477,0
2025-01-01 08:38:00,0.94,-0.082,0
2025-01-01 08:39:00,1.1495,-0.1897,0
2025-01-01 08:40:00,0.9264,-0.1256,0
2025-01-01 08:41:00,0.7263,-0.2373,0
2025-01-01 08:42:00,0.6052,-0.035,0
2025-01-01 08:43:00,0.6942,-0.0372,0
2025-01-01 08:44:00,0.5263,-0.0847,0
2025-01-01 08:45:00,0.7003,-0.0097,0
2025-01-01 08:46:00,0.539,0.0482,0
2025-01-01 08:47:00,0.3125,-0.0304,0
2025-01-01 08:48:00,0.82,-0.0756,0
2025-01-01 08:49:00,0.4256,0.2734,0
2025-01-01 08:50:00,0.2262,0.0504,0
2025-01-01 08:51:00,0.3996,0.1249,0
2025-01-01 08:52:00,0.3991,0.2564,0
2025-01-01 08:53:00,-0.0128,0.5288,0
2025-01-01 08:54:00,0.3531,0.0721,0
2025-01-01 08:55:00,0.0268,0.262,0
2025-01-01 08:56:00,0.5272,0.1667,0
2025-01-01 08:57:00,0.238,0.2039,0
2025-01-01 08:58:00,0.0012,0.2059,0
2025-01-01 08:59:00,-0.1202,0.1855,0
2025-01-01 09:00:00,-0.0446,0.3138,0
2025-01-01 09:01:00,0.0466,0.1903,0
2025-01-01 09:02:00,-0.1331,0.4521,0
2025-01-01 09:03:00,-0.2232,0.3824,0
2025-01-01 09:04:00,-0.2194,0.4385,0
2025-01-01 09:05:00,-0.4025,0.3688,0
2025-01-01 09:06:00,-0.4002,0.3977,0
2025-01-01 09:07:00,-0.7977,0.4819,0
2025-01-01 09:08:00,-0.2337,0.3554,0
2025-01-01 09:09:00,-0.4155,0.4543,0
2025-01-01 09:10:00,-0.6753,0.4223,0
2025-01-01 09:11:00,-0.1849,0.4372,0
2025-01-01 09:12:00,-0.5897,0.333,0
2025-01-01 09:13:00,-0.8551,0.6953,0
2025-01-01 09:14:00,-0.5156,0.51,0
2025-01-01 09:15:00,-0.6444,0.7119,0
2025-01-01 09:16:00,-0.6803,0.7192,0
2025-01-01 09:17:00,-0.8774,0.5001,0
2025-01-01 09:18:00,-0.733,0.5361,0
2025-01-01 09:19:00,-0.9041,0.9168,0
2025-01-01 09:20:00,-0.7668,0.8515,0
2025-01-01 09:21:00,-1.2828,0.6885,0
2025-01-01 09:22:00,-1.01,0.7324,0
2025-01-01 09:23:00,-0.5977,0.6582,0
2025-01-01 09:24:00,-1.1118,0.7789,0
2025-01-01 09:25:00,-1.0928,0.678,0
2025-01-01 09:26:00,-1.0726,0.5602,0
2025-01-01 09:27:00,-1.2342,0.6446,0
2025-01-01 09:28:00,-1.4385,0.7919,0
2025-01-01 09:29:00,-1.0457,0.6894,0
2025-01-01 09:30:00,-0.9725,0.8081,0
2025-01-01 09:31:00,-1.0075,0.7193,0
2025-01-01 09:32:00,-1.0206,0.7602,0
2025-01-01 09:33:00,-0.9749,0.935,0
2025-01-01 09:34:00,-0.7681,0.8853,0
2025-01-01 09:35:00,-0.9972,0.87,0
2025-01-01 09:36:00,-1.0578,0.969,0
2025-01-01 09:37:00,-0.9805,0.9389,0
2025-01-01 09:38:00,-0.7871,1.0448,0
2025-01-01 09:39:00,-0.5968,0.8631,0
2025-01-01 09:40:00,-0.9787,0.8747,0
2025-01-01 09:41:00,-0.8048,0.7956,0
2025-01-01 09:42:00,-0.7261,0.8906,0
2025-01-01 09:43:00,-0.9594,1.0373,0
2025-01-01 09:44:00,-0.7218,1.0777,0
2025-01-01 09:45:00,-0.9819,1.0502,0
2025-01-01 09:46:00,-1.0037,0.7808,0
2025-01-01 09:47:00,-0.5358,1.0742,0
2025-01-01 09:48:00,-0.6436,0.7872,0
2025-01-01 09:49:00,-0.4824,1.0657,0
2025-01-01 09:50:00,-0.4811,0.9435,0
2025-01-01 09:51:00,-0.6261,1.0544,0
2025-01-01 09:52:00,-0.392,0.8544,0
2025-01-01 09:53:00,-0.5807,1.1078,0
2025-01-01 09:54:00,-0.0061,0.8469,0
2025-01-01 09:55:00,-0.5048,0.9287,0
2025-01-01 09:56:00,-0.2215,0.8975,0
2025-01-01 09:57:00,-0.3391,0.8232,0
2025-01-01 09:58:00,0.0356,1.009,0
2025-01-01 09:59:00,-0.0925,1.1806,0
2025-01-01 10:00:00,-0.0775,1.2666,0
2025-01-01 10:01:00,0.2492,1.0092,0
2025-01-01 10:02:00,0.1365,1.1103,0
2025-01-01 10:03:00,0.2857,1.0205,0
2025-01-01 10:04:00,0.0374,1.0454,0
2025-01-01 10:05:00,0.0033,0.9591,0
2025-01-01 10:06:00,0.3555,1.0102,0
2025-01-01 10:07:00,0.3192,1.0414,0
2025-01-01 10:08:00,0.5561,0.9263,0
2025-01-01 10:09:00,0.4615,0.9725,0
2025-01-01 10:10:00,0.5639,0.97,0
2025-01-01 10:11:00,0.2421,1.0537,0
2025-01-01 10:12:00,0.9869,0.8593,0
2025-01-01 10:13:00,0.617,0.9551,0
2025-01-01 10:14:00,0.8283,1.1454,0
2025-01-01 10:15:00,0.5586,1.0641,0
2025-01-01 10:16:00,0.8225,1.0757,0
2025-01-01 10:17:00,0.5332,0.9359,0
2025-01-01 10:18:00,0.915,0.9578,0
2025-01-01 10:19:00,0.7819,1.0178,0
2025-01-01 10:20:00,0.8851,1.0651,0
2025-01-01 10:21:00,1.0426,0.705,0
2025-01-01 10:22:00,0.6777,0.7593,0
2025-01-01 10:23:00,0.8061,1.0121,0
2025-01-01 10:24:00,1.0506,0.8433,0
2025-01-01 10:25:00,1.3923,0.7933,0
2025-01-01 10:26:00,0.9558,0.7242,0
2025-01-01 10:27:00,1.1098,0.7829,0
2025-01-01 10:28:00,0.9756,0.6866,0
2025-01-01 10:29:00,1.3881,1.0239,0
2025-01-01 10:30:00,0.6502,0.8003,0
2025-01-01 10:31:00,1.0157,0.784,0
2025-01-01 10:32:00,0.6661,0.8356,0
2025-01-01 10:33:00,0.4817,0.8597,0
2025-01-01 10:34:00,1.0315,0.8443,0
2025-01-01 10:35:00,0.9863,0.843,0
2025-01-01 10:36:00,0.8851,0.6582,0
2025-01-01 10:37:00,0.902,0.6769,0
2025-01-01 10:38:00,1.5215,0.7686,0
2025-01-01 10:39:00,0.8264,0.6236,0
2025-01-01 10:40:00,0.9537,0.6603,0
2025-01-01 10:41:00,0.6932,0.6848,0
2025-01-01 10:42:00,0.8513,0.7073,0
2025-01-01 10:43:00,0.7115,0.4345,0
2025-01-01 10:44:00,0.6419,0.6671,0
2025-01-01 10:45:00,1.0507,0.5553,0
2025-01-01 10:46:00,0.8833,0.6322,0
2025-01-01 10:47:00,0.6345,0.6216,0
2025-01-01 10:48:00,0.1038,0.687,0
2025-01-01 10:49:00,0.4485,0.6436,0
2025-01-01 10:50:00,1.0158,0.6248,0
2025-01-01 10:51:00,0.3823,0.6161,0
2025-01-01 10:52:00,0.6012,0.4823,0
2025-01-01 10:53:00,0.62,0.4376,0
2025-01-01 10:54:00,0.3255,0.5027,0
2025-01-01 10:55:00,0.0627,0.4695,0
2025-01-01 10:56:00,-0.3073,0.346,0
2025-01-01 10:57:00,0.2649,0.3979,0
2025-01-01 10:58:00,-0.087,0.3343,0
2025-01-01 10:59:00,0.0588,0.2326,0
2025-01-01 11:00:00,-0.2788,0.4271,0
2025-01-01 11:01:00,-0.1342,0.2835,0
2025-01-01 11:02:00,-0.1265,0.4626,0
2025-01-01 11:03:00,-0.1312,0.0749,0
2025-01-01 11:04:00,-0.4591,0.1614,0
2025-01-01 11:05:00,-0.0474,0.1998,0
2025-01-01 11:06:00,-0.4559,0.2897,0
2025-01-01 11:07:00,-0.7203,0.1952,0
2025-01-01 11:08:00,-0.455,0.1656,0
2025-01-01 11:09:00,-0.4729,0.001,0
2025-01-01 11:10:00,-0.493,-0.0228,0
2025-01-01 11:11:00,-0.2966,0.1042,0
2025-01-01 11:12:00,-0.6586,-0.0853,0
2025-01-01 11:13:00,-0.6758,-0.0231,0
2025-01-01 11:14:00,-0.9113,0.0593,0
2025-01-01 11:15:00,-0.5635,-0.11,0
2025-01-01 11:16:00,-0.7257,0.1278,0
2025-01-01 11:17:00,-0.8794,0.0687,0
2025-01-01 11:18:00,-1.207,-0.2317,0
2025-01-01 11:19:00,-0.5656,-0.1887,0
2025-01-01 11:20:00,-1.126,-0.3449,0
2025-01-01 11:21:00,-1.0224,-0.2154,0
2025-01-01 11:22:00,-0.8536,-0.0812,0
2025-01-01 11:23:00,-1.1832,-0.2199,0
2025-01-01 11:24:00,-1.2586,-0.153,0
2025-01-01 11:25:00,-1.398,-0.3718,0
2025-01-01 11:26:00,-0.8397,-0.1602,0
2025-01-01 11:27:00,-1.101,-0.3158,0
2025-01-01 11:28:00,-0.4118,-0.2793,0
2025-01-01 11:29:00,-1.1986,-0.3098,0
2025-01-01 11:30:00,-1.1838,-0.4476,0
2025-01-01 11:31:00,-1.1097,-0.4555,0
2025-01-01 11:32:00,-0.9423,-0.2631,0
2025-01-01 11:33:00,-1.0765,-0.3395,0
2025-01-01 11:34:00,-0.8489,-0.2937,0
2025-01-01 11:35:00,-1.1533,-0.3853,0
2025-01-01 11:36:00,-1.2175,-0.4224,0
2025-01-01 11:37:00,-1.2819,-0.6281,0
2025-01-01 11:38:00,-1.3454,-0.5011,0
2025-01-01 11:39:00,-0.9803,-0.4952,0
2025-01-01 11:40:00,-0.9105,-0.3152,0
2025-01-01 11:41:00,-0.9479,-0.4598,0
2025-01-01 11:42:00,-0.5419,-0.3925,0
2025-01-01 11:43:00,-0.5119,-0.5038,0
2025-01-01 11:44:00,-0.7892,-0.6519,0
2025-01-01 11:45:00,-1.0438,-0.586,0
2025-01-01 11:46:00,-0.7592,-0.5908,0
2025-01-01 11:47:00,-0.725,-0.7247,0
2025-01-01 11:48:00,-0.6939,-0.6853,0
2025-01-01 11:49:00,-0.658,-0.6833,0
2025-01-01 11:50:00,-0.6036,-0.5177,0
2025-01-01 11:51:00,-0.5034,-0.9016,0
2025-01-01 11:52:00,-0.5052,-0.5879,0
2025-01-01 11:53:00,-0.2875,-0.8168,0
2025-01-01 11:54:00,-0.2071,-0.8747,0
2025-01-01 11:55:00,-0.4107,-0.6334,0
2025-01-01 11:56:00,0.077,-0.6919,0
2025-01-01 11:57:00,-0.3214,-0.653,0
2025-01-01 11:58:00,-0.3969,-0.7114,0
2025-01-01 11:59:00,0.0552,-0.5981,0
2025-01-01 12:00:00,-0.132,-0.7605,0
2025-01-01 12:01:00,0.148,-0.8439,0
2025-01-01 12:02:00,-0.3449,-0.8055,0
2025-01-01 12:03:00,0.466,-0.7267,0
2025-01-01 12:04:00,0.3732,-0.9398,0
2025-01-01 12:05:00,-0.0108,-0.9375,0
2025-01-01 12:06:00,0.0433,-0.9132,0
2025-01-01 12:07:00,0.7223,-1.1025,0
2025-01-01 12:08:00,0.2881,-0.8875,0
2025-01-01 12:09:00,0.3153,-1.0988,0
2025-01-01 12:10:00,0.0741,-0.9134,0
2025-01-01 12:11:00,0.501,-0.8402,0
2025-01-01 12:12:00,0.5678,-0.9821,0
2025-01-01 12:13:00,0.797,-0.774,0
2025-01-01 12:14:00,0.4128,-1.0946,0
2025-01-01 12:15:00,0.4254,-0.8358,0
2025-01-01 12:16:00,0.8545,-0.8934,0
2025-01-01 12:17:00,0.9983,-1.1381,0
2025-01-01 12:18:00,0.5133,-0.7006,0
2025-01-01 12:19:00,1.0721,-0.9828,0
2025-01-01 12:20:00,0.8892,-1.0685,0
2025-01-01 12:21:00,1.1236,-1.1253,0
2025-01-01 12:22:00,0.9122,-1.0101,0
2025-01-01 12:23:00,0.4403,-1.0038,0
2025-01-01 12:24:00,0.9302,-0.9834,0
2025-01-01 12:25:00,1.1859,-1.0256,0
2025-01-01 12:26:00,0.8057,-0.9342,0
2025-01-01 12:27:00,0.9147,-1.0375,0
2025-01-01 12:28:00,0.9622,-1.1931,0
2025-01-01 12:29:00,0.4199,-1.0149,0
2025-01-01 12:30:00,1.3337,-1.2367,0
2025-01-01 12:31:00,0.8161,-0.964,0
2025-01-01 12:32:00,1.0917,-1.0964,0
2025-01-01 12:33:00,0.9647,-0.9808,0
2025-01-01 12:34:00,1.2223,-0.8639,0
2025-01-01 12:35:00,1.0381,-1.0879,0
2025-01-01 12:36:00,0.8934,-0.8842,0
2025-01-01 12:37:00,0.7425,-1.0306,0
2025-01-01 12:38:00,1.0592,-0.8084,0
2025-01-01 12:39:00,0.5008,-1.0162,0
2025-01-01 12:40:00,0.9781,-1.0594,0
2025-01-01 12:41:00,0.6003,-0.9017,0
2025-01-01 12:42:00,1.0395,-1.0088,0
2025-01-01 12:43:00,0.788,-1.0436,0
2025-01-01 12:44:00,0.8492,-1.0012,0
2025-01-01 12:45:00,0.6995,-0.9513,0
2025-01-01 12:46:00,0.2934,-0.8057,0
2025-01-01 12:47:00,0.4308,-1.1259,0
2025-01-01 12:48:00,0.6948,-0.9224,0
2025-01-01 12:49:00,0.5495,-0.8541,0
2025-01-01 12:50:00,0.7068,-0.8886,0
2025-01-01 12:51:00,0.5044,-0.768,0
2025-01-01 12:52:00,0.1824,-0.8971,0
2025-01-01 12:53:00,0.1674,-0.8983,0
2025-01-01 12:54:00,0.2973,-0.8105,0
2025-01-01 12:55:00,-0.2368,-0.8492,0
2025-01-01 12:56:00,0.5093,-0.8873,0
2025-01-01 12:57:00,0.2112,-0.7854,0
2025-01-01 12:58:00,0.3161,-0.8906,0
2025-01-01 12:59:00,-0.2978,-0.8744,0
2025-01-01 13:00:00,0.2149,-0.8537,0
2025-01-01 13:01:00,0.3599,-0.6529,0
2025-01-01 13:02:00,-0.4026,-1.0972,0
2025-01-01 13:03:00,-0.0358,-0.7222,0
2025-01-01 13:04:00,-0.2411,-0.7445,0
2025-01-01 13:05:00,-0.6007,-0.902,0
2025-01-01 13:06:00,-0.2429,-0.6885,0
2025-01-01 13:07:00,-0.2235,-0.6572,0
2025-01-01 13:08:00,-0.5582,-0.6308,0
2025-01-01 13:09:00,-0.2512,-0.9396,0
2025-01-01 13:10:00,-0.8629,-0.5222,0
2025-01-01 13:11:00,-0.8722,-0.7167,0
2025-01-01 13:12:00,-0.5881,-0.558,0
2025-01-01 13:13:00,-0.6508,-0.5361,0
2025-01-01 13:14:00,-0.8378,-0.6812,0
2025-01-01 13:15:00,-0.5693,-0.5104,0
2025-01-01 13:16:00,-0.6598,-0.5978,0
2025-01-01 13:17:00,-0.6269,-0.7489,0
2025-01-01 13:18:00,-0.8536,-0.4072,0
2025-01-01 13:19:00,-0.7366,-0.5835,0
2025-01-01 13:20:00,-0.9721,-0.5733,0
2025-01-01 13:21:00,-0.4956,-0.5098,0
2025-01-01 13:22:00,-1.0897,-0.4236,0
2025-01-01 13:23:00,-0.5245,-0.4378,0
2025-01-01 13:24:00,-0.9543,-0.3582,0
2025-01-01 13:25:00,-1.2495,-0.5278,0
2025-01-01 13:26:00,-0.7112,-0.4487,0
2025-01-01 13:27:00,-0.9674,-0.3666,0
2025-01-01 13:28:00,-0.8274,-0.1455,0
2025-01-01 13:29:00,-0.7551,-0.3269,0
2025-01-01 13:30:00,-0.9318,-0.187,0
2025-01-01 13:31:00,-1.1146,-0.2716,0
2025-01-01 13:32:00,-0.795,-0.3036,0
2025-01-01 13:33:00,-0.9814,-0.2596,0
2025-01-01 13:34:00,-0.833,-0.2313,0
2025-01-01 13:35:00,-1.3869,-0.1336,0
2025-01-01 13:36:00,-0.85,-0.0359,0
2025-01-01 13:37:00,-1.0479,-0.1167,0
2025-01-01 13:38:00,-0.5678,-0.0132,0
2025-01-01 13:39:00,-0.7496,-0.2076,0
2025-01-01 13:40:00,-0.7996,-0.1317,0
2025-01-01 13:41:00,-0.7213,-0.1418,0
2025-01-01 13:42:00,-0.9871,-0.017,0
2025-01-01 13:43:00,-0.4294,-0.0634,0
2025-01-01 13:44:00,-0.3203,0.0664,0
2025-01-01 13:45:00,-0.6026,-0.0787,0
2025-01-01 13:46:00,-0.3238,0.0397,0
2025-01-01 13:47:00,-0.7147,0.125,0
2025-01-01 13:48:00,-0.7176,-0.1293,0
2025-01-01 13:49:00,-0.5057,0.3103,0
2025-01-01 13:50:00,-0.3813,0.0906,0
2025-01-01 13:51:00,-0.5002,-0.0628,0
2025-01-01 13:52:00,-0.2657,0.1763,0
2025-01-01 13:53:00,-0.2629,0.1844,0
2025-01-01 13:54:00,-0.4738,0.1935,0
2025-01-01 13:55:00,-0.1197,0.3213,0
2025-01-01 13:56:00,0.0006,0.3173,0
2025-01-01 13:57:00,-0.0859,0.2926,0
2025-01-01 13:58:00,0.1625,0.328,0
2025-01-01 13:59:00,-0.2592,0.2926,0
2025-01-01 14:00:00,0.1303,0.5005,0
2025-01-01 14:01:00,-0.1451,0.1948,0
2025-01-01 14:02:00,-0.0818,0.3763,0
2025-01-01 14:03:00,0.0665,0.3883,0
2025-01-01 14:04:00,0.0554,0.4824,0
2025-01-01 14:05:00,0.1847,0.3358,0
2025-01-01 14:06:00,0.3011,0.2647,0
2025-01-01 14:07:00,0.5601,0.4735,0
2025-01-01 14:08:00,0.376,0.5045,0
2025-01-01 14:09:00,0.1696,0.6437,0
2025-01-01 14:10:00,0.7598,0.3858,0
2025-01-01 14:11:00,0.408,0.6462,0
2025-01-01 14:12:00,0.6057,0.7851,0
2025-01-01 14:13:00,0.7471,0.528,0
2025-01-01 14:14:00,0.7363,0.4538,0
2025-01-01 14:15:00,0.9518,0.5591,0
2025-01-01 14:16:00,0.8634,0.6178,0
2025-01-01 14:17:00,0.6279,0.6892,0
2025-01-01 14:18:00,1.2662,0.5898,0
2025-01-01 14:19:00,0.8974,0.8202,0
2025-01-01 14:20:00,0.8547,0.5688,0
2025-01-01 14:21:00,1.1002,0.5215,0
2025-01-01 14:22:00,0.9781,0.821,0
2025-01-01 14:23:00,1.0263,0.4975,0
2025-01-01 14:24:00,1.4605,0.7188,0
2025-01-01 14:25:00,0.92,1.0649,0
2025-01-01 14:26:00,0.9218,0.7656,0
2025-01-01 14:27:00,1.0162,0.668,0
2025-01-01 14:28:00,1.2121,0.7873,0
2025-01-01 14:29:00,0.6986,0.8005,0
2025-01-01 14:30:00,0.6062,0.8339,0
2025-01-01 14:31:00,0.8785,0.896,0
2025-01-01 14:32:00,0.663,0.7373,0
2025-01-01 14:33:00,0.896,1.0212,0
2025-01-01 14:34:00,1.07,0.8877,0
2025-01-01 14:35:00,0.7772,0.9462,0
2025-01-01 14:36:00,0.6532,0.8208,0
2025-01-01 14:37:00,0.933,1.0218,0
2025-01-01 14:38:00,1.0698,0.8767,0
2025-01-01 14:39:00,0.5339,0.939,0
2025-01-01 14:40:00,1.0102,0.8264,0
2025-01-01 14:41:00,0.9806,0.828,0
2025-01-01 14:42:00,0.9766,1.0042,0
2025-01-01 14:43:00,0.996,0.8982,0
2025-01-01 14:44:00,1.1572,0.864,0
2025-01-01 14:45:00,0.608,0.8914,0
2025-01-01 14:46:00,0.6618,1.0316,0
2025-01-01 14:47:00,0.5155,0.9043,0
2025-01-01 14:48:00,0.5564,0.9606,0
2025-01-01 14:49:00,0.8183,0.9785,0
2025-01-01 14:50:00,0.197,0.7895,0
2025-01-01 14:51:00,0.2468,0.838,0
2025-01-01 14:52:00,0.6463,1.0221,0
2025-01-01 14:53:00,0.5257,0.9177,0
2025-01-01 14:54:00,0.199,1.0996,0
2025-01-01 14:55:00,0.3918,1.0927,0
2025-01-01 14:56:00,0.2377,1.0696,0
2025-01-01 14:57:00,0.4177,1.1809,0
2025-01-01 14:58:00,0.0804,0.9913,0
2025-01-01 14:59:00,0.2182,1.0649,0
2025-01-01 15:00:00,5.2081,-2.3764,1
2025-01-01 15:01:00,4.3136,-2.4242,1
2025-01-01 15:02:00,5.4609,-3.2147,1
2025-01-01 15:03:00,5.2829,-3.5215,1
2025-01-01 15:04:00,4.6665,-2.5573,1
2025-01-01 15:05:00,0.1808,1.1287,0
2025-01-01 15:06:00,-0.3104,0.9753,0
2025-01-01 15:07:00,-0.4496,0.9212,0
2025-01-01 15:08:00,-0.6098,1.0706,0
2025-01-01 15:09:00,-0.2695,0.987,0
2025-01-01 15:10:00,-0.3606,0.993,0
2025-01-01 15:11:00,-0.677,0.8864,0
2025-01-01 15:12:00,-0.5042,0.7927,0
2025-01-01 15:13:00,-0.9615,0.9824,0
2025-01-01 15:14:00,-0.6613,1.0431,0
2025-01-01 15:15:00,-0.6442,0.9234,0
2025-01-01 15:16:00,-0.4278,1.0826,0
2025-01-01 15:17:00,-0.9559,0.8612,0
2025-01-01 15:18:00,-1.0876,0.8183,0
2025-01-01 15:19:00,-1.0389,0.9088,0
2025-01-01 15:20:00,-1.1527,0.8986,0
2025-01-01 15:21:00,-0.6412,0.9749,0
2025-01-01 15:22:00,-0.6194,0.8109,0
2025-01-01 15:23:00,-0.8832,1.0154,0
2025-01-01 15:24:00,-0.7185,1.0651,0
2025-01-01 15:25:00,-0.9488,0.8539,0
2025-01-01 15:26:00,-1.0048,0.9718,0
2025-01-01 15:27:00,-1.0598,0.7299,0
2025-01-01 15:28:00,-1.06,0.9314,0
2025-01-01 15:29:00,-1.3095,0.9165,0
2025-01-01 15:30:00,-0.9463,0.8857,0
2025-01-01 15:31:00,-1.0037,0.785,0
2025-01-01 15:32:00,-0.8404,0.4781,0
2025-01-01 15:33:00,-0.9618,0.6959,0
2025-01-01 15:34:00,-1.0014,0.6836,0
2025-01-01 15:35:00,-1.1288,0.6343,0
2025-01-01 15:36:00,-0.9232,0.7299,0
2025-01-01 15:37:00,-0.7705,0.661,0
2025-01-01 15:38:00,-1.1248,0.6054,0
2025-01-01 15:39:00,-0.8542,0.5666,0
2025-01-01 15:40:00,-0.7982,0.5853,0
2025-01-01 15:41:00,-0.9592,0.753,0
2025-01-01 15:42:00,-0.9017,0.5586,0
2025-01-01 15:43:00,-0.7045,0.5567,0
2025-01-01 15:44:00,-0.9416,0.5457,0
2025-01-01 15:45:00,-0.6073,0.6083,0
2025-01-01 15:46:00,-0.8169,0.6027,0
2025-01-01 15:47:00,-0.3841,0.2351,0
2025-01-01 15:48:00,-0.0862,0.6239,0
2025-01-01 15:49:00,-0.6816,0.6474,0
2025-01-01 15:50:00,-0.3568,0.3805,0
2025-01-01 15:51:00,-0.562,0.3699,0
2025-01-01 15:52:00,-0.1602,0.4035,0
2025-01-01 15:53:00,-0.5723,0.3541,0
2025-01-01 15:54:00,-0.173,0.433,0
2025-01-01 15:55:00,-0.3929,0.1968,0
2025-01-01 15:56:00,-0.2083,0.2603,0
2025-01-01 15:57:00,-0.3212,0.5065,0
2025-01-01 15:58:00,0.1016,0.24,0
2025-01-01 15:59:00,-0.1779,0.4373,0
2025-01-01 16:00:00,0.1523,0.3286,0
2025-01-01 16:01:00,0.0254,0.092,0
2025-01-01 16:02:00,0.1233,0.3162,0
2025-01-01 16:03:00,0.2274,0.2206,0
2025-01-01 16:04:00,0.0965,0.1664,0
2025-01-01 16:05:00,0.3414,0.2159,0
2025-01-01 16:06:00,0.6549,0.2182,0
2025-01-01 16:07:00,0.2418,0.2209,0
2025-01-01 16:08:00,0.6793,0.2472,0
2025-01-01 16:09:00,0.7909,0.1493,0
2025-01-01 16:10:00,0.373,-0.0499,0
2025-01-01 16:11:00,0.2887,0.0194,0
2025-01-01 16:12:00,0.682,0.3401,0
2025-01-01 16:13:00,0.5523,0.0973,0
2025-01-01 16:14:00,1.0738,0.2409,0
2025-01-01 16:15:00,0.7435,0.1225,0
2025-01-01 16:16:00,0.6105,-0.0138,0
2025-01-01 16:17:00,0.5738,-0.0288,0
2025-01-01 16:18:00,1.0514,-0.0835,0
2025-01-01 16:19:00,0.7469,-0.2745,0
2025-01-01 16:20:00,0.8954,-0.1197,0
2025-01-01 16:21:00,1.1008,-0.0212,0
2025-01-01 16:22:00,0.8333,-0.223,0
2025-01-01 16:23:00,0.9389,-0.1425,0
2025-01-01 16:24:00,0.9601,-0.1191,0
2025-01-01 16:25:00,1.1128,-0.3157,0
2025-01-01 16:26:00,1.1043,-0.2902,0
2025-01-01 16:27:00,0.9495,-0.3671,0
2025-01-01 16:28:00,1.0108,-0.3677,0
2025-01-01 16:29:00,0.9256,-0.4343,0
2025-01-01 16:30:00,0.7035,-0.4155,0
2025-01-01 16:31:00,1.047,-0.2032,0
2025-01-01 16:32:00,1.3675,-0.4563,0
2025-01-01 16:33:00,0.8032,-0.3715,0
2025-01-01 16:34:00,0.8136,-0.4537,0
2025-01-01 16:35:00,0.7796,-0.3047,0
2025-01-01 16:36:00,1.0816,-0.3103,0
2025-01-01 16:37:00,1.0068,-0.3738,0
2025-01-01 16:38:00,0.8632,-0.4481,0
2025-01-01 16:39:00,0.6868,-0.5201,0
2025-01-01 16:40:00,0.8618,-0.6342,0
2025-01-01 16:41:00,5.6993,-4.3895,1
2025-01-01 16:42:00,5.8961,-3.903,1
2025-01-01 16:43:00,5.4999,-4.832,1
2025-01-01 16:44:00,5.7668,-5.2656,1
2025-01-01 16:45:00,4.9911,-5.1837,1
2025-01-01 16:46:00,0.9517,-0.5147,0
2025-01-01 16:47:00,0.4722,-0.5584,0
2025-01-01 16:48:00,0.7788,-0.4781,0
2025-01-01 16:49:00,0.4764,-0.7136,0
2025-01-01 16:50:00,0.4289,-0.8107,0
2025-01-01 16:51:00,0.5019,-0.7479,0
2025-01-01 16:52:00,0.1892,-0.6913,0
2025-01-01 16:53:00,0.3432,-0.7209,0
2025-01-01 16:54:00,0.1903,-0.7803,0
2025-01-01 16:55:00,-0.0483,-0.9458,0
2025-01-01 16:56:00,0.2318,-0.7214,0
2025-01-01 16:57:00,0.0598,-0.5845,0
2025-01-01 16:58:00,0.0288,-0.7482,0
2025-01-01 16:59:00,-0.2342,-0.7463,0
2025-01-01 17:00:00,0.2738,-0.7621,0
2025-01-01 17:01:00,0.0785,-0.7915,0
2025-01-01 17:02:00,0.044,-0.7495,0
2025-01-01 17:03:00,-0.2615,-0.8142,0
2025-01-01 17:04:00,-0.5973,-0.8958,0
2025-01-01 17:05:00,0.0888,-0.9544,0
2025-01-01 17:06:00,-0.3635,-0.9097,0
2025-01-01 17:07:00,-0.5496,-0.863,0
2025-01-01 17:08:00,-0.364,-0.9352,0
2025-01-01 17:09:00,-0.2601,-0.8809,0
2025-01-01 17:10:00,-0.543,-0.8768,0
2025-01-01 17:11:00,-0.3261,-0.8454,0
2025-01-01 17:12:00,-0.407,-0.808,0
2025-01-01 17:13:00,-0.879,-0.9356,0
2025-01-01 17:14:00,-0.8368,-1.0809,0
2025-01-01 17:15:00,-0.5468,-0.991,0
2025-01-01 17:16:00,-1.3152,-0.958,0
2025-01-01 17:17:00,-0.8347,-1.1515,0
2025-01-01 17:18:00,-1.121,-0.8341,0
2025-01-01 17:19:00,-0.9578,-0.9633,0
2025-01-01 17:20:00,-0.9476,-0.9436,0
2025-01-01 17:21:00,-0.9824,-0.849,0
2025-01-01 17:22:00,-1.0416,-1.0519,0
2025-01-01 17:23:00,-1.1684,-0.9344,0
2025-01-01 17:24:00,-0.5058,-1.0052,0
2025-01-01 17:25:00,-0.6032,-1.0147,0
2025-01-01 17:26:00,-1.219,-1.0751,0
2025-01-01 17:27:00,-0.6774,-0.8324,0
2025-01-01 17:28:00,-1.0782,-1.0373,0
2025-01-01 17:29:00,-0.9741,-0.9301,0
2025-01-01 17:30:00,-1.0116,-1.1873,0
2025-01-01 17:31:00,-1.1271,-0.8812,0
2025-01-01 17:32:00,-0.7919,-0.893,0
2025-01-01 17:33:00,-0.9543,-0.987,0
2025-01-01 17:34:00,-1.0629,-1.0175,0
2025-01-01 17:35:00,-1.2139,-0.9524,0
2025-01-01 17:36:00,-1.1145,-0.7608,0
2025-01-01 17:37:00,-1.2443,-1.1627,0
2025-01-01 17:38:00,-0.8913,-0.9045,0
2025-01-01 17:39:00,-1.1084,-1.0698,0
2025-01-01 17:40:00,-0.8951,-0.9761,0
2025-01-01 17:41:00,-0.5385,-0.994,0
2025-01-01 17:42:00,-0.541,-1.0066,0
2025-01-01 17:43:00,-0.7536,-0.959,0
2025-01-01 17:44:00,-0.7287,-1.0652,0
2025-01-01 17:45:00,-0.2975,-0.8422,0
2025-01-01 17:46:00,-0.5297,-1.1175,0
2025-01-01 17:47:00,-0.658,-0.8766,0
2025-01-01 17:48:00,-0.8346,-0.9554,0
2025-01-01 17:49:00,-0.4261,-1.0316,0
2025-01-01 17:50:00,-0.2931,-0.8855,0
2025-01-01 17:51:00,-0.5382,-1.0524,0
2025-01-01 17:52:00,-0.3053,-0.8833,0
2025-01-01 17:53:00,-0.387,-1.0197,0
2025-01-01 17:54:00,-0.3009,-0.821,0
2025-01-01 17:55:00,-0.7108,-0.9489,0
2025-01-01 17:56:00,-0.2061,-0.8906,0
2025-01-01 17:57:00,0.084,-0.8047,0
2025-01-01 17:58:00,-0.1839,-0.8996,0
2025-01-01 17:59:00,0.0053,-0.816,0
2025-01-01 18:00:00,-0.104,-0.9492,0
2025-01-01 18:01:00,0.1715,-0.7219,0
2025-01-01 18:02:00,0.1081,-0.5953,0
2025-01-01 18:03:00,0.0151,-0.4791,0
2025-01-01 18:04:00,0.5205,-0.7354,0
2025-01-01 18:05:00,0.4901,-0.6515,0
2025-01-01 18:06:00,0.2328,-0.8939,0
2025-01-01 18:07:00,0.5018,-0.5508,0
2025-01-01 18:08:00,0.5571,-0.6083,0
2025-01-01 18:09:00,0.6243,-0.719,0
2025-01-01 18:10:00,0.2018,-0.5311,0
2025-01-01 18:11:00,0.7853,-0.6643,0
2025-01-01 18:12:00,0.5117,-0.6684,0
2025-01-01 18:13:00,0.5941,-0.5585,0
2025-01-01 18:14:00,1.2314,-0.6956,0
2025-01-01 18:15:00,0.8005,-0.47,0
2025-01-01 18:16:00,0.697,-0.6605,0
2025-01-01 18:17:00,0.3653,-0.6423,0
2025-01-01 18:18:00,1.1142,-0.6105,0
2025-01-01 18:19:00,0.5948,-0.4256,0
2025-01-01 18:20:00,0.6883,-0.5449,0
2025-01-01 18:21:00,0.8455,-0.5996,0
2025-01-01 18:22:00,1.2153,-0.5067,0
2025-01-01 18:23:00,1.1044,-0.4305,0
2025-01-01 18:24:00,0.9333,-0.5263,0
2025-01-01 18:25:00,1.0389,-0.5042,0
2025-01-01 18:26:00,0.867,-0.1585,0
2025-01-01 18:27:00,1.022,-0.4361,0
2025-01-01 18:28:00,1.0131,-0.3627,0
2025-01-01 18:29:00,1.1937,-0.3472,0
2025-01-01 18:30:00,1.1923,-0.3327,0
2025-01-01 18:31:00,1.0937,-0.2083,0
2025-01-01 18:32:00,0.9158,-0.1553,0
2025-01-01 18:33:00,1.1273,-0.2604,0
2025-01-01 18:34:00,0.9485,-0.333,0
2025-01-01 18:35:00,0.7358,-0.0614,0
2025-01-01 18:36:00,0.8542,-0.1777,0
2025-01-01 18:37:00,0.9319,0.0255,0
2025-01-01 18:38:00,1.0746,-0.3513,0
2025-01-01 18:39:00,0.8311,-0.0864,0
2025-01-01 18:40:00,0.5987,0.1068,0
2025-01-01 18:41:00,0.8224,-0.0995,0
2025-01-01 18:42:00,0.8019,-0.0658,0
2025-01-01 18:43:00,0.7825,0.0073,0
2025-01-01 18:44:00,0.8934,-0.0572,0
2025-01-01 18:45:00,0.8753,-0.0116,0
2025-01-01 18:46:00,0.513,0.0068,0
2025-01-01 18:47:00,0.4671,-0.0012,0
2025-01-01 18:48:00,0.3392,0.2053,0
2025-01-01 18:49:00,0.6424,0.1494,0
2025-01-01 18:50:00,0.7464,0.1492,0
2025-01-01 18:51:00,0.3464,0.2258,0
2025-01-01 18:52:00,0.3128,0.1392,0
2025-01-01 18:53:00,0.6051,0.1088,0
2025-01-01 18:54:00,0.3627,0.1465,0
2025-01-01 18:55:00,0.2979,0.2274,0
2025-01-01 18:56:00,-0.079,0.1417,0
2025-01-01 18:57:00,0.243,0.2179,0
2025-01-01 18:58:00,-0.1308,0.2364,0
2025-01-01 18:59:00,-0.2242,0.5205,0
2025-01-01 19:00:00,-0.1191,0.0505,0
2025-01-01 19:01:00,-0.2192,0.3297,0
2025-01-01 19:02:00,-0.1983,0.5398,0
2025-01-01 19:03:00,-0.4937,0.3988,0
2025-01-01 19:04:00,-0.0647,0.4812,0
2025-01-01 19:05:00,-0.0812,0.4349,0
2025-01-01 19:06:00,-0.7457,0.3771,0
2025-01-01 19:07:00,-0.209,0.2383,0
2025-01-01 19:08:00,-0.6141,0.5015,0
2025-01-01 19:09:00,-0.3267,0.4217,0
2025-01-01 19:10:00,-0.5565,0.4373,0
2025-01-01 19:11:00,-0.5803,0.4852,0
2025-01-01 19:12:00,-0.6647,0.7272,0
2025-01-01 19:13:00,-0.4252,0.8105,0
2025-01-01 19:14:00,-0.9536,0.6089,0
2025-01-01 19:15:00,-0.6203,0.5575,0
2025-01-01 19:16:00,-0.5557,0.5028,0
2025-01-01 19:17:00,-0.6647,0.6837,0
2025-01-01 19:18:00,-0.3728,0.8312,0
2025-01-01 19:19:00,-0.9709,0.6439,0
2025-01-01 19:20:00,-0.6988,0.4462,0
2025-01-01 19:21:00,-0.9341,0.7662,0
2025-01-01 19:22:00,-0.6863,0.8126,0
2025-01-01 19:23:00,-0.9521,0.57,0
2025-01-01 19:24:00,-1.0431,0.7604,0
2025-01-01 19:25:00,-0.7166,0.8017,0
2025-01-01 19:26:00,-1.0858,0.7628,0
2025-01-01 19:27:00,-1.2769,0.7043,0
2025-01-01 19:28:00,-1.1019,0.8978,0
2025-01-01 19:29:00,-0.8762,0.7684,0
2025-01-01 19:30:00,-0.7203,0.6723,0
2025-01-01 19:31:00,-0.9724,0.6277,0
2025-01-01 19:32:00,-0.7242,0.9702,0
2025-01-01 19:33:00,-1.25,0.9168,0
2025-01-01 19:34:00,-1.0549,0.8746,0
2025-01-01 19:35:00,-1.0091,0.8321,0
2025-01-01 19:36:00,-0.9569,0.8331,0
2025-01-01 19:37:00,-0.8971,0.788,0
2025-01-01 19:38:00,-0.7532,0.8615,0
2025-01-01 19:39:00,-0.9554,0.7014,0
2025-01-01 19:40:00,-0.8113,0.8481,0
2025-01-01 19:41:00,-0.8185,0.8986,0
2025-01-01 19:42:00,-0.9628,0.9982,0
2025-01-01 19:43:00,-0.7663,0.9403,0
2025-01-01 19:44:00,-0.7363,1.0305,0
2025-01-01 19:45:00,-0.7026,1.0922,0
2025-01-01 19:46:00,-0.6234,1.0689,0
2025-01-01 19:47:00,-0.5731,1.0156,0
2025-01-01 19:48:00,-0.6315,0.9747,0
2025-01-01 19:49:00,-0.2458,0.88,0
2025-01-01 19:50:00,-0.6882,1.0563,0
2025-01-01 19:51:00,-0.5512,1.1539,0
2025-01-01 19:52:00,0.1973,1.0235,0
2025-01-01 19:53:00,-0.5169,1.1838,0
2025-01-01 19:54:00,-0.5298,0.842,0
2025-01-01 19:55:00,-0.0612,0.8811,0
2025-01-01 19:56:00,-0.572,1.0835,0
2025-01-01 19:57:00,-0.1517,1.0256,0
2025-01-01 19:58:00,0.3768,1.1312,0
2025-01-01 19:59:00,-0.309,0.9985,0
